"COUNTRY","INDEX_TYPE","COICOP_1999","TYPE_OF_TRANSFORMATION","FREQUENCY","TIME_PERIOD","OBS_VALUE","SCALE"
"Spain","Consumer price index (CPI)","All Items","Index","Monthly","1959-M12","2.525752","Units"
"Spain","Consumer price index (CPI)","All Items","Index","Monthly","1960-M01","2.505928","Units"
"Spain","Consumer price index (CPI)","All Items","Index","Monthly","1960-M02","2.503895","Units"
"Spain","Consumer price index (CPI)","All Items","Index","Monthly","1960-M03","2.500846","Units"
"Spain","Consumer price index (CPI)","All Items","Index","Monthly","1960-M04","2.502879","Units"
"Spain","Consumer price index (CPI)","All Items","Index","Monthly","1960-M05","2.495255","Units"
"Spain","Consumer price index (CPI)","All Items","Index","Monthly","1960-M06","2.493221","Units"
"Spain","Consumer price index (CPI)","All Items","Index","Monthly","1960-M07","2.492204","Units"
"Spain","Consumer price index (CPI)","All Items","Index","Monthly","1960-M08","2.497288","Units"
"Spain","Consumer price index (CPI)","All Items","Index","Monthly","1960-M09","2.512536","Units"
"Spain","Consumer price index (CPI)","All Items","Index","Monthly","1960-M10","2.519145","Units"
"Spain","Consumer price index (CPI)","All Items","Index","Monthly","1960-M11","2.522194","Units"
"Spain","Consumer price index (CPI)","All Items","Index","Monthly","1960-M12","2.541002","Units"
"Spain","Consumer price index (CPI)","All Items","Index","Monthly","1961-M01","2.551676","Units"
"Spain","Consumer price index (CPI)","All Items","Index","Monthly","1961-M02","2.530835","Units"
"Spain","Consumer price index (CPI)","All Items","Index","Monthly","1961-M03","2.519653","Units"
"Spain","Consumer price index (CPI)","All Items","Index","Monthly","1961-M04","2.526261","Units"
"Spain","Consumer price index (CPI)","All Items","Index","Monthly","1961-M05","2.519653","Units"
"Spain","Consumer price index (CPI)","All Items","Index","Monthly","1961-M06","2.505928","Units"
"Spain","Consumer price index (CPI)","All Items","Index","Monthly","1961-M07","2.505928","Units"
"Spain","Consumer price index (CPI)","All Items","Index","Monthly","1961-M08","2.509995","Units"
"Spain","Consumer price index (CPI)","All Items","Index","Monthly","1961-M09","2.512028","Units"
"Spain","Consumer price index (CPI)","All Items","Index","Monthly","1961-M10","2.521686","Units"
"Spain","Consumer price index (CPI)","All Items","Index","Monthly","1961-M11","2.560825","Units"
"Spain","Consumer price index (CPI)","All Items","Index","Monthly","1961-M12","2.5654","Units"
"Spain","Consumer price index (CPI)","All Items","Index","Monthly","1962-M01","2.560825","Units"
"Spain","Consumer price index (CPI)","All Items","Index","Monthly","1962-M02","2.572516","Units"
"Spain","Consumer price index (CPI)","All Items","Index","Monthly","1962-M03","2.594881","Units"
"Spain","Consumer price index (CPI)","All Items","Index","Monthly","1962-M04","2.631479","Units"
"Spain","Consumer price index (CPI)","All Items","Index","Monthly","1962-M05","2.665027","Units"
"Spain","Consumer price index (CPI)","All Items","Index","Monthly","1962-M06","2.678751","Units"
"Spain","Consumer price index (CPI)","All Items","Index","Monthly","1962-M07","2.678751","Units"
"Spain","Consumer price index (CPI)","All Items","Index","Monthly","1962-M08","2.672143","Units"
"Spain","Consumer price index (CPI)","All Items","Index","Monthly","1962-M09","2.688409","Units"
"Spain","Consumer price index (CPI)","All Items","Index","Monthly","1962-M10","2.714332","Units"
"Spain","Consumer price index (CPI)","All Items","Index","Monthly","1962-M11","2.78397","Units"
"Spain","Consumer price index (CPI)","All Items","Index","Monthly","1962-M12","2.819551","Units"
"Spain","Consumer price index (CPI)","All Items","Index","Monthly","1963-M01","2.826159","Units"
"Spain","Consumer price index (CPI)","All Items","Index","Monthly","1963-M02","2.848524","Units"
"Spain","Consumer price index (CPI)","All Items","Index","Monthly","1963-M03","2.903929","Units"
"Spain","Consumer price index (CPI)","All Items","Index","Monthly","1963-M04","2.901896","Units"
"Spain","Consumer price index (CPI)","All Items","Index","Monthly","1963-M05","2.918161","Units"
"Spain","Consumer price index (CPI)","All Items","Index","Monthly","1963-M06","2.864281","Units"
"Spain","Consumer price index (CPI)","All Items","Index","Monthly","1963-M07","2.89478","Units"
"Spain","Consumer price index (CPI)","All Items","Index","Monthly","1963-M08","2.924769","Units"
"Spain","Consumer price index (CPI)","All Items","Index","Monthly","1963-M09","2.918161","Units"
"Spain","Consumer price index (CPI)","All Items","Index","Monthly","1963-M10","2.926294","Units"
"Spain","Consumer price index (CPI)","All Items","Index","Monthly","1963-M11","2.962892","Units"
"Spain","Consumer price index (CPI)","All Items","Index","Monthly","1963-M12","2.974074","Units"
"Spain","Consumer price index (CPI)","All Items","Index","Monthly","1964-M01","2.9695","Units"
"Spain","Consumer price index (CPI)","All Items","Index","Monthly","1964-M02","2.971533","Units"
"Spain","Consumer price index (CPI)","All Items","Index","Monthly","1964-M03","2.980682","Units"
"Spain","Consumer price index (CPI)","All Items","Index","Monthly","1964-M04","2.991865","Units"
"Spain","Consumer price index (CPI)","All Items","Index","Monthly","1964-M05","2.999489","Units"
"Spain","Consumer price index (CPI)","All Items","Index","Monthly","1964-M06","3.039645","Units"
"Spain","Consumer price index (CPI)","All Items","Index","Monthly","1964-M07","3.105217","Units"
"Spain","Consumer price index (CPI)","All Items","Index","Monthly","1964-M08","3.154013","Units"
"Spain","Consumer price index (CPI)","All Items","Index","Monthly","1964-M09","3.185019","Units"
"Spain","Consumer price index (CPI)","All Items","Index","Monthly","1964-M10","3.237375","Units"
"Spain","Consumer price index (CPI)","All Items","Index","Monthly","1964-M11","3.312095","Units"
"Spain","Consumer price index (CPI)","All Items","Index","Monthly","1964-M12","3.350726","Units"
"Spain","Consumer price index (CPI)","All Items","Index","Monthly","1965-M01","3.383766","Units"
"Spain","Consumer price index (CPI)","All Items","Index","Monthly","1965-M02","3.441712","Units"
"Spain","Consumer price index (CPI)","All Items","Index","Monthly","1965-M03","3.468652","Units"
"Spain","Consumer price index (CPI)","All Items","Index","Monthly","1965-M04","3.494067","Units"
"Spain","Consumer price index (CPI)","All Items","Index","Monthly","1965-M05","3.5083","Units"
"Spain","Consumer price index (CPI)","All Items","Index","Monthly","1965-M06","3.492543","Units"
"Spain","Consumer price index (CPI)","All Items","Index","Monthly","1965-M07","3.497117","Units"
"Spain","Consumer price index (CPI)","All Items","Index","Monthly","1965-M08","3.514908","Units"
"Spain","Consumer price index (CPI)","All Items","Index","Monthly","1965-M09","3.548456","Units"
"Spain","Consumer price index (CPI)","All Items","Index","Monthly","1965-M10","3.567263","Units"
"Spain","Consumer price index (CPI)","All Items","Index","Monthly","1965-M11","3.644016","Units"
"Spain","Consumer price index (CPI)","All Items","Index","Monthly","1965-M12","3.664857","Units"
"Spain","Consumer price index (CPI)","All Items","Index","Monthly","1966-M01","3.658249","Units"
"Spain","Consumer price index (CPI)","All Items","Index","Monthly","1966-M02","3.655199","Units"
"Spain","Consumer price index (CPI)","All Items","Index","Monthly","1966-M03","3.655199","Units"
"Spain","Consumer price index (CPI)","All Items","Index","Monthly","1966-M04","3.690272","Units"
"Spain","Consumer price index (CPI)","All Items","Index","Monthly","1966-M05","3.744152","Units"
"Spain","Consumer price index (CPI)","All Items","Index","Monthly","1966-M06","3.751268","Units"
"Spain","Consumer price index (CPI)","All Items","Index","Monthly","1966-M07","3.749235","Units"
"Spain","Consumer price index (CPI)","All Items","Index","Monthly","1966-M08","3.755843","Units"
"Spain","Consumer price index (CPI)","All Items","Index","Monthly","1966-M09","3.744152","Units"
"Spain","Consumer price index (CPI)","All Items","Index","Monthly","1966-M10","3.767025","Units"
"Spain","Consumer price index (CPI)","All Items","Index","Monthly","1966-M11","3.832596","Units"
"Spain","Consumer price index (CPI)","All Items","Index","Monthly","1966-M12","3.857503","Units"
"Spain","Consumer price index (CPI)","All Items","Index","Monthly","1967-M01","3.859536","Units"
"Spain","Consumer price index (CPI)","All Items","Index","Monthly","1967-M02","3.889527","Units"
"Spain","Consumer price index (CPI)","All Items","Index","Monthly","1967-M03","3.905792","Units"
"Spain","Consumer price index (CPI)","All Items","Index","Monthly","1967-M04","3.96018","Units"
"Spain","Consumer price index (CPI)","All Items","Index","Monthly","1967-M05","3.973904","Units"
"Spain","Consumer price index (CPI)","All Items","Index","Monthly","1967-M06","3.93934","Units"
"Spain","Consumer price index (CPI)","All Items","Index","Monthly","1967-M07","3.941881","Units"
"Spain","Consumer price index (CPI)","All Items","Index","Monthly","1967-M08","3.999319","Units"
"Spain","Consumer price index (CPI)","All Items","Index","Monthly","1967-M09","4.010502","Units"
"Spain","Consumer price index (CPI)","All Items","Index","Monthly","1967-M10","4.026768","Units"
"Spain","Consumer price index (CPI)","All Items","Index","Monthly","1967-M11","4.110637","Units"
"Spain","Consumer price index (CPI)","All Items","Index","Monthly","1967-M12","4.110637","Units"
"Spain","Consumer price index (CPI)","All Items","Index","Monthly","1968-M01","4.122329","Units"
"Spain","Consumer price index (CPI)","All Items","Index","Monthly","1968-M02","4.122329","Units"
"Spain","Consumer price index (CPI)","All Items","Index","Monthly","1968-M03","4.164517","Units"
"Spain","Consumer price index (CPI)","All Items","Index","Monthly","1968-M04","4.201115","Units"
"Spain","Consumer price index (CPI)","All Items","Index","Monthly","1968-M05","4.187391","Units"
"Spain","Consumer price index (CPI)","All Items","Index","Monthly","1968-M06","4.199082","Units"
"Spain","Consumer price index (CPI)","All Items","Index","Monthly","1968-M07","4.164517","Units"
"Spain","Consumer price index (CPI)","All Items","Index","Monthly","1968-M08","4.167059","Units"
"Spain","Consumer price index (CPI)","All Items","Index","Monthly","1968-M09","4.160451","Units"
"Spain","Consumer price index (CPI)","All Items","Index","Monthly","1968-M10","4.173667","Units"
"Spain","Consumer price index (CPI)","All Items","Index","Monthly","1968-M11","4.201115","Units"
"Spain","Consumer price index (CPI)","All Items","Index","Monthly","1968-M12","4.229072","Units"
"Spain","Consumer price index (CPI)","All Items","Index","Monthly","1969-M01","4.219414","Units"
"Spain","Consumer price index (CPI)","All Items","Index","Monthly","1969-M02","4.193999","Units"
"Spain","Consumer price index (CPI)","All Items","Index","Monthly","1969-M03","4.219414","Units"
"Spain","Consumer price index (CPI)","All Items","Index","Monthly","1969-M04","4.269228","Units"
"Spain","Consumer price index (CPI)","All Items","Index","Monthly","1969-M05","4.269228","Units"
"Spain","Consumer price index (CPI)","All Items","Index","Monthly","1969-M06","4.219414","Units"
"Spain","Consumer price index (CPI)","All Items","Index","Monthly","1969-M07","4.252453","Units"
"Spain","Consumer price index (CPI)","All Items","Index","Monthly","1969-M08","4.26567","Units"
"Spain","Consumer price index (CPI)","All Items","Index","Monthly","1969-M09","4.273802","Units"
"Spain","Consumer price index (CPI)","All Items","Index","Monthly","1969-M10","4.290068","Units"
"Spain","Consumer price index (CPI)","All Items","Index","Monthly","1969-M11","4.328191","Units"
"Spain","Consumer price index (CPI)","All Items","Index","Monthly","1969-M12","4.373938","Units"
"Spain","Consumer price index (CPI)","All Items","Index","Monthly","1970-M01","4.394778","Units"
"Spain","Consumer price index (CPI)","All Items","Index","Monthly","1970-M02","4.378005","Units"
"Spain","Consumer price index (CPI)","All Items","Index","Monthly","1970-M03","4.411552","Units"
"Spain","Consumer price index (CPI)","All Items","Index","Monthly","1970-M04","4.435951","Units"
"Spain","Consumer price index (CPI)","All Items","Index","Monthly","1970-M05","4.406978","Units"
"Spain","Consumer price index (CPI)","All Items","Index","Monthly","1970-M06","4.423752","Units"
"Spain","Consumer price index (CPI)","All Items","Index","Monthly","1970-M07","4.507113","Units"
"Spain","Consumer price index (CPI)","All Items","Index","Monthly","1970-M08","4.578275","Units"
"Spain","Consumer price index (CPI)","All Items","Index","Monthly","1970-M09","4.599115","Units"
"Spain","Consumer price index (CPI)","All Items","Index","Monthly","1970-M10","4.644863","Units"
"Spain","Consumer price index (CPI)","All Items","Index","Monthly","1970-M11","4.657062","Units"
"Spain","Consumer price index (CPI)","All Items","Index","Monthly","1970-M12","4.670278","Units"
"Spain","Consumer price index (CPI)","All Items","Index","Monthly","1971-M01","4.719584","Units"
"Spain","Consumer price index (CPI)","All Items","Index","Monthly","1971-M02","4.716025","Units"
"Spain","Consumer price index (CPI)","All Items","Index","Monthly","1971-M03","4.765839","Units"
"Spain","Consumer price index (CPI)","All Items","Index","Monthly","1971-M04","4.816161","Units"
"Spain","Consumer price index (CPI)","All Items","Index","Monthly","1971-M05","4.845642","Units"
"Spain","Consumer price index (CPI)","All Items","Index","Monthly","1971-M06","4.865974","Units"
"Spain","Consumer price index (CPI)","All Items","Index","Monthly","1971-M07","4.865974","Units"
"Spain","Consumer price index (CPI)","All Items","Index","Monthly","1971-M08","4.874615","Units"
"Spain","Consumer price index (CPI)","All Items","Index","Monthly","1971-M09","4.932562","Units"
"Spain","Consumer price index (CPI)","All Items","Index","Monthly","1971-M10","4.98695","Units"
"Spain","Consumer price index (CPI)","All Items","Index","Monthly","1971-M11","5.054554","Units"
"Spain","Consumer price index (CPI)","All Items","Index","Monthly","1971-M12","5.120634","Units"
"Spain","Consumer price index (CPI)","All Items","Index","Monthly","1972-M01","5.1247","Units"
"Spain","Consumer price index (CPI)","All Items","Index","Monthly","1972-M02","5.120634","Units"
"Spain","Consumer price index (CPI)","All Items","Index","Monthly","1972-M03","5.170447","Units"
"Spain","Consumer price index (CPI)","All Items","Index","Monthly","1972-M04","5.170447","Units"
"Spain","Consumer price index (CPI)","All Items","Index","Monthly","1972-M05","5.195862","Units"
"Spain","Consumer price index (CPI)","All Items","Index","Monthly","1972-M06","5.208062","Units"
"Spain","Consumer price index (CPI)","All Items","Index","Monthly","1972-M07","5.279223","Units"
"Spain","Consumer price index (CPI)","All Items","Index","Monthly","1972-M08","5.333612","Units"
"Spain","Consumer price index (CPI)","All Items","Index","Monthly","1972-M09","5.40884","Units"
"Spain","Consumer price index (CPI)","All Items","Index","Monthly","1972-M10","5.445947","Units"
"Spain","Consumer price index (CPI)","All Items","Index","Monthly","1972-M11","5.454588","Units"
"Spain","Consumer price index (CPI)","All Items","Index","Monthly","1972-M12","5.496777","Units"
"Spain","Consumer price index (CPI)","All Items","Index","Monthly","1973-M01","5.53795","Units"
"Spain","Consumer price index (CPI)","All Items","Index","Monthly","1973-M02","5.54659","Units"
"Spain","Consumer price index (CPI)","All Items","Index","Monthly","1973-M03","5.592338","Units"
"Spain","Consumer price index (CPI)","All Items","Index","Monthly","1973-M04","5.671633","Units"
"Spain","Consumer price index (CPI)","All Items","Index","Monthly","1973-M05","5.754994","Units"
"Spain","Consumer price index (CPI)","All Items","Index","Monthly","1973-M06","5.842422","Units"
"Spain","Consumer price index (CPI)","All Items","Index","Monthly","1973-M07","5.904943","Units"
"Spain","Consumer price index (CPI)","All Items","Index","Monthly","1973-M08","6.002029","Units"
"Spain","Consumer price index (CPI)","All Items","Index","Monthly","1973-M09","6.105722","Units"
"Spain","Consumer price index (CPI)","All Items","Index","Monthly","1973-M10","6.2023","Units"
"Spain","Consumer price index (CPI)","All Items","Index","Monthly","1973-M11","6.209925","Units"
"Spain","Consumer price index (CPI)","All Items","Index","Monthly","1973-M12","6.277529","Units"
"Spain","Consumer price index (CPI)","All Items","Index","Monthly","1974-M01","6.314634","Units"
"Spain","Consumer price index (CPI)","All Items","Index","Monthly","1974-M02","6.335983","Units"
"Spain","Consumer price index (CPI)","All Items","Index","Monthly","1974-M03","6.473733","Units"
"Spain","Consumer price index (CPI)","All Items","Index","Monthly","1974-M04","6.615549","Units"
"Spain","Consumer price index (CPI)","All Items","Index","Monthly","1974-M05","6.698911","Units"
"Spain","Consumer price index (CPI)","All Items","Index","Monthly","1974-M06","6.727884","Units"
"Spain","Consumer price index (CPI)","All Items","Index","Monthly","1974-M07","6.807687","Units"
"Spain","Consumer price index (CPI)","All Items","Index","Monthly","1974-M08","6.920022","Units"
"Spain","Consumer price index (CPI)","All Items","Index","Monthly","1974-M09","7.028799","Units"
"Spain","Consumer price index (CPI)","All Items","Index","Monthly","1974-M10","7.103519","Units"
"Spain","Consumer price index (CPI)","All Items","Index","Monthly","1974-M11","7.299724","Units"
"Spain","Consumer price index (CPI)","All Items","Index","Monthly","1974-M12","7.399859","Units"
"Spain","Consumer price index (CPI)","All Items","Index","Monthly","1975-M01","7.503552","Units"
"Spain","Consumer price index (CPI)","All Items","Index","Monthly","1975-M02","7.575223","Units"
"Spain","Consumer price index (CPI)","All Items","Index","Monthly","1975-M03","7.624529","Units"
"Spain","Consumer price index (CPI)","All Items","Index","Monthly","1975-M04","7.75872","Units"
"Spain","Consumer price index (CPI)","All Items","Index","Monthly","1975-M05","7.854281","Units"
"Spain","Consumer price index (CPI)","All Items","Index","Monthly","1975-M06","7.875629","Units"
"Spain","Consumer price index (CPI)","All Items","Index","Monthly","1975-M07","8.000672","Units"
"Spain","Consumer price index (CPI)","All Items","Index","Monthly","1975-M08","8.126223","Units"
"Spain","Consumer price index (CPI)","All Items","Index","Monthly","1975-M09","8.255331","Units"
"Spain","Consumer price index (CPI)","All Items","Index","Monthly","1975-M10","8.255331","Units"
"Spain","Consumer price index (CPI)","All Items","Index","Monthly","1975-M11","8.309212","Units"
"Spain","Consumer price index (CPI)","All Items","Index","Monthly","1975-M12","8.442895","Units"
"Spain","Consumer price index (CPI)","All Items","Index","Monthly","1976-M01","8.543031","Units"
"Spain","Consumer price index (CPI)","All Items","Index","Monthly","1976-M02","8.639607","Units"
"Spain","Consumer price index (CPI)","All Items","Index","Monthly","1976-M03","8.839878","Units"
"Spain","Consumer price index (CPI)","All Items","Index","Monthly","1976-M04","9.018801","Units"
"Spain","Consumer price index (CPI)","All Items","Index","Monthly","1976-M05","9.432051","Units"
"Spain","Consumer price index (CPI)","All Items","Index","Monthly","1976-M06","9.374104","Units"
"Spain","Consumer price index (CPI)","All Items","Index","Monthly","1976-M07","9.432051","Units"
"Spain","Consumer price index (CPI)","All Items","Index","Monthly","1976-M08","9.511854","Units"
"Spain","Consumer price index (CPI)","All Items","Index","Monthly","1976-M09","9.690776","Units"
"Spain","Consumer price index (CPI)","All Items","Index","Monthly","1976-M10","9.824967","Units"
"Spain","Consumer price index (CPI)","All Items","Index","Monthly","1976-M11","10.00846","Units"
"Spain","Consumer price index (CPI)","All Items","Index","Monthly","1976-M12","10.11216","Units"
"Spain","Consumer price index (CPI)","All Items","Index","Monthly","1977-M01","10.44154","Units"
"Spain","Consumer price index (CPI)","All Items","Index","Monthly","1977-M02","10.59759","Units"
"Spain","Consumer price index (CPI)","All Items","Index","Monthly","1977-M03","10.85123","Units"
"Spain","Consumer price index (CPI)","All Items","Index","Monthly","1977-M04","11.04845","Units"
"Spain","Consumer price index (CPI)","All Items","Index","Monthly","1977-M05","11.14503","Units"
"Spain","Consumer price index (CPI)","All Items","Index","Monthly","1977-M06","11.45662","Units"
"Spain","Consumer price index (CPI)","All Items","Index","Monthly","1977-M07","11.83225","Units"
"Spain","Consumer price index (CPI)","All Items","Index","Monthly","1977-M08","12.21602","Units"
"Spain","Consumer price index (CPI)","All Items","Index","Monthly","1977-M09","12.3863","Units"
"Spain","Consumer price index (CPI)","All Items","Index","Monthly","1977-M10","12.57895","Units"
"Spain","Consumer price index (CPI)","All Items","Index","Monthly","1977-M11","12.68061","Units"
"Spain","Consumer price index (CPI)","All Items","Index","Monthly","1977-M12","12.78074","Units"
"Spain","Consumer price index (CPI)","All Items","Index","Monthly","1978-M01","12.98457","Units"
"Spain","Consumer price index (CPI)","All Items","Index","Monthly","1978-M02","13.11216","Units"
"Spain","Consumer price index (CPI)","All Items","Index","Monthly","1978-M03","13.2804","Units"
"Spain","Consumer price index (CPI)","All Items","Index","Monthly","1978-M04","13.55997","Units"
"Spain","Consumer price index (CPI)","All Items","Index","Monthly","1978-M05","13.69569","Units"
"Spain","Consumer price index (CPI)","All Items","Index","Monthly","1978-M06","13.83394","Units"
"Spain","Consumer price index (CPI)","All Items","Index","Monthly","1978-M07","14.13384","Units"
"Spain","Consumer price index (CPI)","All Items","Index","Monthly","1978-M08","14.38037","Units"
"Spain","Consumer price index (CPI)","All Items","Index","Monthly","1978-M09","14.4988","Units"
"Spain","Consumer price index (CPI)","All Items","Index","Monthly","1978-M10","14.63147","Units"
"Spain","Consumer price index (CPI)","All Items","Index","Monthly","1978-M11","14.69552","Units"
"Spain","Consumer price index (CPI)","All Items","Index","Monthly","1978-M12","14.89477","Units"
"Spain","Consumer price index (CPI)","All Items","Index","Monthly","1979-M01","15.15045","Units"
"Spain","Consumer price index (CPI)","All Items","Index","Monthly","1979-M02","15.26786","Units"
"Spain","Consumer price index (CPI)","All Items","Index","Monthly","1979-M03","15.42645","Units"
"Spain","Consumer price index (CPI)","All Items","Index","Monthly","1979-M04","15.65926","Units"
"Spain","Consumer price index (CPI)","All Items","Index","Monthly","1979-M05","15.84225","Units"
"Spain","Consumer price index (CPI)","All Items","Index","Monthly","1979-M06","15.98203","Units"
"Spain","Consumer price index (CPI)","All Items","Index","Monthly","1979-M07","16.32717","Units"
"Spain","Consumer price index (CPI)","All Items","Index","Monthly","1979-M08","16.48779","Units"
"Spain","Consumer price index (CPI)","All Items","Index","Monthly","1979-M09","16.70483","Units"
"Spain","Consumer price index (CPI)","All Items","Index","Monthly","1979-M10","16.929","Units"
"Spain","Consumer price index (CPI)","All Items","Index","Monthly","1979-M11","16.96966","Units"
"Spain","Consumer price index (CPI)","All Items","Index","Monthly","1979-M12","17.2172","Units"
"Spain","Consumer price index (CPI)","All Items","Index","Monthly","1980-M01","17.69094","Units"
"Spain","Consumer price index (CPI)","All Items","Index","Monthly","1980-M02","17.84902","Units"
"Spain","Consumer price index (CPI)","All Items","Index","Monthly","1980-M03","17.94509","Units"
"Spain","Consumer price index (CPI)","All Items","Index","Monthly","1980-M04","18.11842","Units"
"Spain","Consumer price index (CPI)","All Items","Index","Monthly","1980-M05","18.24397","Units"
"Spain","Consumer price index (CPI)","All Items","Index","Monthly","1980-M06","18.5271","Units"
"Spain","Consumer price index (CPI)","All Items","Index","Monthly","1980-M07","18.78887","Units"
"Spain","Consumer price index (CPI)","All Items","Index","Monthly","1980-M08","19.00897","Units"
"Spain","Consumer price index (CPI)","All Items","Index","Monthly","1980-M09","19.21127","Units"
"Spain","Consumer price index (CPI)","All Items","Index","Monthly","1980-M10","19.36529","Units"
"Spain","Consumer price index (CPI)","All Items","Index","Monthly","1980-M11","19.56301","Units"
"Spain","Consumer price index (CPI)","All Items","Index","Monthly","1980-M12","19.83648","Units"
"Spain","Consumer price index (CPI)","All Items","Index","Monthly","1981-M01","20.23956","Units"
"Spain","Consumer price index (CPI)","All Items","Index","Monthly","1981-M02","20.34224","Units"
"Spain","Consumer price index (CPI)","All Items","Index","Monthly","1981-M03","20.74736","Units"
"Spain","Consumer price index (CPI)","All Items","Index","Monthly","1981-M04","20.95373","Units"
"Spain","Consumer price index (CPI)","All Items","Index","Monthly","1981-M05","21.05132","Units"
"Spain","Consumer price index (CPI)","All Items","Index","Monthly","1981-M06","21.06962","Units"
"Spain","Consumer price index (CPI)","All Items","Index","Monthly","1981-M07","21.48236","Units"
"Spain","Consumer price index (CPI)","All Items","Index","Monthly","1981-M08","21.74414","Units"
"Spain","Consumer price index (CPI)","All Items","Index","Monthly","1981-M09","21.91696","Units"
"Spain","Consumer price index (CPI)","All Items","Index","Monthly","1981-M10","22.16349","Units"
"Spain","Consumer price index (CPI)","All Items","Index","Monthly","1981-M11","22.35563","Units"
"Spain","Consumer price index (CPI)","All Items","Index","Monthly","1981-M12","22.69415","Units"
"Spain","Consumer price index (CPI)","All Items","Index","Monthly","1982-M01","23.16434","Units"
"Spain","Consumer price index (CPI)","All Items","Index","Monthly","1982-M02","23.34478","Units"
"Spain","Consumer price index (CPI)","All Items","Index","Monthly","1982-M03","23.57403","Units"
"Spain","Consumer price index (CPI)","All Items","Index","Monthly","1982-M04","23.88409","Units"
"Spain","Consumer price index (CPI)","All Items","Index","Monthly","1982-M05","24.22974","Units"
"Spain","Consumer price index (CPI)","All Items","Index","Monthly","1982-M06","24.46254","Units"
"Spain","Consumer price index (CPI)","All Items","Index","Monthly","1982-M07","24.77667","Units"
"Spain","Consumer price index (CPI)","All Items","Index","Monthly","1982-M08","24.94847","Units"
"Spain","Consumer price index (CPI)","All Items","Index","Monthly","1982-M09","24.97745","Units"
"Spain","Consumer price index (CPI)","All Items","Index","Monthly","1982-M10","25.22753","Units"
"Spain","Consumer price index (CPI)","All Items","Index","Monthly","1982-M11","25.30988","Units"
"Spain","Consumer price index (CPI)","All Items","Index","Monthly","1982-M12","25.87308","Units"
"Spain","Consumer price index (CPI)","All Items","Index","Monthly","1983-M01","26.31021","Units"
"Spain","Consumer price index (CPI)","All Items","Index","Monthly","1983-M02","26.44237","Units"
"Spain","Consumer price index (CPI)","All Items","Index","Monthly","1983-M03","26.603","Units"
"Spain","Consumer price index (CPI)","All Items","Index","Monthly","1983-M04","26.96847","Units"
"Spain","Consumer price index (CPI)","All Items","Index","Monthly","1983-M05","27.08029","Units"
"Spain","Consumer price index (CPI)","All Items","Index","Monthly","1983-M06","27.23888","Units"
"Spain","Consumer price index (CPI)","All Items","Index","Monthly","1983-M07","27.33597","Units"
"Spain","Consumer price index (CPI)","All Items","Index","Monthly","1983-M08","27.70296","Units"
"Spain","Consumer price index (CPI)","All Items","Index","Monthly","1983-M09","27.92458","Units"
"Spain","Consumer price index (CPI)","All Items","Index","Monthly","1983-M10","28.30327","Units"
"Spain","Consumer price index (CPI)","All Items","Index","Monthly","1983-M11","28.59147","Units"
"Spain","Consumer price index (CPI)","All Items","Index","Monthly","1983-M12","29.03522","Units"
"Spain","Consumer price index (CPI)","All Items","Index","Monthly","1984-M01","29.48507","Units"
"Spain","Consumer price index (CPI)","All Items","Index","Monthly","1984-M02","29.5969","Units"
"Spain","Consumer price index (CPI)","All Items","Index","Monthly","1984-M03","29.83529","Units"
"Spain","Consumer price index (CPI)","All Items","Index","Monthly","1984-M04","29.97609","Units"
"Spain","Consumer price index (CPI)","All Items","Index","Monthly","1984-M05","30.13824","Units"
"Spain","Consumer price index (CPI)","All Items","Index","Monthly","1984-M06","30.35172","Units"
"Spain","Consumer price index (CPI)","All Items","Index","Monthly","1984-M07","30.81784","Units"
"Spain","Consumer price index (CPI)","All Items","Index","Monthly","1984-M08","31.03183","Units"
"Spain","Consumer price index (CPI)","All Items","Index","Monthly","1984-M09","31.09486","Units"
"Spain","Consumer price index (CPI)","All Items","Index","Monthly","1984-M10","31.28242","Units"
"Spain","Consumer price index (CPI)","All Items","Index","Monthly","1984-M11","31.44305","Units"
"Spain","Consumer price index (CPI)","All Items","Index","Monthly","1984-M12","31.65603","Units"
"Spain","Consumer price index (CPI)","All Items","Index","Monthly","1985-M01","32.24566","Units"
"Spain","Consumer price index (CPI)","All Items","Index","Monthly","1985-M02","32.47948","Units"
"Spain","Consumer price index (CPI)","All Items","Index","Monthly","1985-M03","32.68178","Units"
"Spain","Consumer price index (CPI)","All Items","Index","Monthly","1985-M04","33.01878","Units"
"Spain","Consumer price index (CPI)","All Items","Index","Monthly","1985-M05","33.12248","Units"
"Spain","Consumer price index (CPI)","All Items","Index","Monthly","1985-M06","33.06606","Units"
"Spain","Consumer price index (CPI)","All Items","Index","Monthly","1985-M07","33.25413","Units"
"Spain","Consumer price index (CPI)","All Items","Index","Monthly","1985-M08","33.30394","Units"
"Spain","Consumer price index (CPI)","All Items","Index","Monthly","1985-M09","33.66941","Units"
"Spain","Consumer price index (CPI)","All Items","Index","Monthly","1985-M10","33.84274","Units"
"Spain","Consumer price index (CPI)","All Items","Index","Monthly","1985-M11","34.1035","Units"
"Spain","Consumer price index (CPI)","All Items","Index","Monthly","1985-M12","34.24481","Units"
"Spain","Consumer price index (CPI)","All Items","Index","Monthly","1986-M01","35.22939","Units"
"Spain","Consumer price index (CPI)","All Items","Index","Monthly","1986-M02","35.38646","Units"
"Spain","Consumer price index (CPI)","All Items","Index","Monthly","1986-M03","35.50591","Units"
"Spain","Consumer price index (CPI)","All Items","Index","Monthly","1986-M04","35.59232","Units"
"Spain","Consumer price index (CPI)","All Items","Index","Monthly","1986-M05","35.69144","Units"
"Spain","Consumer price index (CPI)","All Items","Index","Monthly","1986-M06","36.01929","Units"
"Spain","Consumer price index (CPI)","All Items","Index","Monthly","1986-M07","36.37917","Units"
"Spain","Consumer price index (CPI)","All Items","Index","Monthly","1986-M08","36.48235","Units"
"Spain","Consumer price index (CPI)","All Items","Index","Monthly","1986-M09","36.86002","Units"
"Spain","Consumer price index (CPI)","All Items","Index","Monthly","1986-M10","36.99777","Units"
"Spain","Consumer price index (CPI)","All Items","Index","Monthly","1986-M11","36.91288","Units"
"Spain","Consumer price index (CPI)","All Items","Index","Monthly","1986-M12","37.07046","Units"
"Spain","Consumer price index (CPI)","All Items","Index","Monthly","1987-M01","37.3546","Units"
"Spain","Consumer price index (CPI)","All Items","Index","Monthly","1987-M02","37.5137","Units"
"Spain","Consumer price index (CPI)","All Items","Index","Monthly","1987-M03","37.73176","Units"
"Spain","Consumer price index (CPI)","All Items","Index","Monthly","1987-M04","37.81715","Units"
"Spain","Consumer price index (CPI)","All Items","Index","Monthly","1987-M05","37.77039","Units"
"Spain","Consumer price index (CPI)","All Items","Index","Monthly","1987-M06","37.77954","Units"
"Spain","Consumer price index (CPI)","All Items","Index","Monthly","1987-M07","38.16229","Units"
"Spain","Consumer price index (CPI)","All Items","Index","Monthly","1987-M08","38.14552","Units"
"Spain","Consumer price index (CPI)","All Items","Index","Monthly","1987-M09","38.49726","Units"
"Spain","Consumer price index (CPI)","All Items","Index","Monthly","1987-M10","38.726","Units"
"Spain","Consumer price index (CPI)","All Items","Index","Monthly","1987-M11","38.63704","Units"
"Spain","Consumer price index (CPI)","All Items","Index","Monthly","1987-M12","38.7753","Units"
"Spain","Consumer price index (CPI)","All Items","Index","Monthly","1988-M01","39.02132","Units"
"Spain","Consumer price index (CPI)","All Items","Index","Monthly","1988-M02","39.12806","Units"
"Spain","Consumer price index (CPI)","All Items","Index","Monthly","1988-M03","39.4117","Units"
"Spain","Consumer price index (CPI)","All Items","Index","Monthly","1988-M04","39.27446","Units"
"Spain","Consumer price index (CPI)","All Items","Index","Monthly","1988-M05","39.27242","Units"
"Spain","Consumer price index (CPI)","All Items","Index","Monthly","1988-M06","39.42491","Units"
"Spain","Consumer price index (CPI)","All Items","Index","Monthly","1988-M07","39.94542","Units"
"Spain","Consumer price index (CPI)","All Items","Index","Monthly","1988-M08","40.34037","Units"
"Spain","Consumer price index (CPI)","All Items","Index","Monthly","1988-M09","40.69465","Units"
"Spain","Consumer price index (CPI)","All Items","Index","Monthly","1988-M10","40.7404","Units"
"Spain","Consumer price index (CPI)","All Items","Index","Monthly","1988-M11","40.71753","Units"
"Spain","Consumer price index (CPI)","All Items","Index","Monthly","1988-M12","41.04131","Units"
"Spain","Consumer price index (CPI)","All Items","Index","Monthly","1989-M01","41.5181","Units"
"Spain","Consumer price index (CPI)","All Items","Index","Monthly","1989-M02","41.54758","Units"
"Spain","Consumer price index (CPI)","All Items","Index","Monthly","1989-M03","41.81292","Units"
"Spain","Consumer price index (CPI)","All Items","Index","Monthly","1989-M04","41.92525","Units"
"Spain","Consumer price index (CPI)","All Items","Index","Monthly","1989-M05","41.98472","Units"
"Spain","Consumer price index (CPI)","All Items","Index","Monthly","1989-M06","42.21346","Units"
"Spain","Consumer price index (CPI)","All Items","Index","Monthly","1989-M07","42.89865","Units"
"Spain","Consumer price index (CPI)","All Items","Index","Monthly","1989-M08","42.99726","Units"
"Spain","Consumer price index (CPI)","All Items","Index","Monthly","1989-M09","43.45219","Units"
"Spain","Consumer price index (CPI)","All Items","Index","Monthly","1989-M10","43.62755","Units"
"Spain","Consumer price index (CPI)","All Items","Index","Monthly","1989-M11","43.69821","Units"
"Spain","Consumer price index (CPI)","All Items","Index","Monthly","1989-M12","43.86849","Units"
"Spain","Consumer price index (CPI)","All Items","Index","Monthly","1990-M01","44.29546","Units"
"Spain","Consumer price index (CPI)","All Items","Index","Monthly","1990-M02","44.57655","Units"
"Spain","Consumer price index (CPI)","All Items","Index","Monthly","1990-M03","44.73972","Units"
"Spain","Consumer price index (CPI)","All Items","Index","Monthly","1990-M04","44.84138","Units"
"Spain","Consumer price index (CPI)","All Items","Index","Monthly","1990-M05","44.83782","Units"
"Spain","Consumer price index (CPI)","All Items","Index","Monthly","1990-M06","44.97608","Units"
"Spain","Consumer price index (CPI)","All Items","Index","Monthly","1990-M07","45.58045","Units"
"Spain","Consumer price index (CPI)","All Items","Index","Monthly","1990-M08","45.78021","Units"
"Spain","Consumer price index (CPI)","All Items","Index","Monthly","1990-M09","46.26208","Units"
"Spain","Consumer price index (CPI)","All Items","Index","Monthly","1990-M10","46.67279","Units"
"Spain","Consumer price index (CPI)","All Items","Index","Monthly","1990-M11","46.62603","Units"
"Spain","Consumer price index (CPI)","All Items","Index","Monthly","1990-M12","46.7409","Units"
"United States","Consumer price index (CPI)","All Items","Index","Monthly","1959-M12","13.4828059828805","Units"
"United States","Consumer price index (CPI)","All Items","Index","Monthly","1960-M01","13.43694609858499","Units"
"United States","Consumer price index (CPI)","All Items","Index","Monthly","1960-M02","13.4828059828805","Units"
"United States","Consumer price index (CPI)","All Items","Index","Monthly","1960-M03","13.4828059828805","Units"
"United States","Consumer price index (CPI)","All Items","Index","Monthly","1960-M04","13.52866586717602","Units"
"United States","Consumer price index (CPI)","All Items","Index","Monthly","1960-M05","13.52866586717602","Units"
"United States","Consumer price index (CPI)","All Items","Index","Monthly","1960-M06","13.57452575147153","Units"
"United States","Consumer price index (CPI)","All Items","Index","Monthly","1960-M07","13.57452575147153","Units"
"United States","Consumer price index (CPI)","All Items","Index","Monthly","1960-M08","13.57452575147153","Units"
"United States","Consumer price index (CPI)","All Items","Index","Monthly","1960-M09","13.57452575147153","Units"
"United States","Consumer price index (CPI)","All Items","Index","Monthly","1960-M10","13.66624552006255","Units"
"United States","Consumer price index (CPI)","All Items","Index","Monthly","1960-M11","13.66624552006255","Units"
"United States","Consumer price index (CPI)","All Items","Index","Monthly","1960-M12","13.66624552006255","Units"
"United States","Consumer price index (CPI)","All Items","Index","Monthly","1961-M01","13.66624552006255","Units"
"United States","Consumer price index (CPI)","All Items","Index","Monthly","1961-M02","13.66624552006255","Units"
"United States","Consumer price index (CPI)","All Items","Index","Monthly","1961-M03","13.66624552006255","Units"
"United States","Consumer price index (CPI)","All Items","Index","Monthly","1961-M04","13.66624552006255","Units"
"United States","Consumer price index (CPI)","All Items","Index","Monthly","1961-M05","13.66624552006255","Units"
"United States","Consumer price index (CPI)","All Items","Index","Monthly","1961-M06","13.66624552006255","Units"
"United States","Consumer price index (CPI)","All Items","Index","Monthly","1961-M07","13.75796528865358","Units"
"United States","Consumer price index (CPI)","All Items","Index","Monthly","1961-M08","13.71210540435806","Units"
"United States","Consumer price index (CPI)","All Items","Index","Monthly","1961-M09","13.75796528865358","Units"
"United States","Consumer price index (CPI)","All Items","Index","Monthly","1961-M10","13.75796528865358","Units"
"United States","Consumer price index (CPI)","All Items","Index","Monthly","1961-M11","13.75796528865358","Units"
"United States","Consumer price index (CPI)","All Items","Index","Monthly","1961-M12","13.75796528865358","Units"
"United States","Consumer price index (CPI)","All Items","Index","Monthly","1962-M01","13.75796528865358","Units"
"United States","Consumer price index (CPI)","All Items","Index","Monthly","1962-M02","13.80382517294909","Units"
"United States","Consumer price index (CPI)","All Items","Index","Monthly","1962-M03","13.80382517294909","Units"
"United States","Consumer price index (CPI)","All Items","Index","Monthly","1962-M04","13.8496850572446","Units"
"United States","Consumer price index (CPI)","All Items","Index","Monthly","1962-M05","13.8496850572446","Units"
"United States","Consumer price index (CPI)","All Items","Index","Monthly","1962-M06","13.8496850572446","Units"
"United States","Consumer price index (CPI)","All Items","Index","Monthly","1962-M07","13.89554494154011","Units"
"United States","Consumer price index (CPI)","All Items","Index","Monthly","1962-M08","13.89554494154011","Units"
"United States","Consumer price index (CPI)","All Items","Index","Monthly","1962-M09","13.94140482583562","Units"
"United States","Consumer price index (CPI)","All Items","Index","Monthly","1962-M10","13.94140482583562","Units"
"United States","Consumer price index (CPI)","All Items","Index","Monthly","1962-M11","13.94140482583562","Units"
"United States","Consumer price index (CPI)","All Items","Index","Monthly","1962-M12","13.94140482583562","Units"
"United States","Consumer price index (CPI)","All Items","Index","Monthly","1963-M01","13.94140482583562","Units"
"United States","Consumer price index (CPI)","All Items","Index","Monthly","1963-M02","13.94140482583562","Units"
"United States","Consumer price index (CPI)","All Items","Index","Monthly","1963-M03","13.98726471013114","Units"
"United States","Consumer price index (CPI)","All Items","Index","Monthly","1963-M04","13.98726471013114","Units"
"United States","Consumer price index (CPI)","All Items","Index","Monthly","1963-M05","13.98726471013114","Units"
"United States","Consumer price index (CPI)","All Items","Index","Monthly","1963-M06","14.03312459442665","Units"
"United States","Consumer price index (CPI)","All Items","Index","Monthly","1963-M07","14.07898447872216","Units"
"United States","Consumer price index (CPI)","All Items","Index","Monthly","1963-M08","14.07898447872216","Units"
"United States","Consumer price index (CPI)","All Items","Index","Monthly","1963-M09","14.07898447872216","Units"
"United States","Consumer price index (CPI)","All Items","Index","Monthly","1963-M10","14.12484436301767","Units"
"United States","Consumer price index (CPI)","All Items","Index","Monthly","1963-M11","14.12484436301767","Units"
"United States","Consumer price index (CPI)","All Items","Index","Monthly","1963-M12","14.17070424731318","Units"
"United States","Consumer price index (CPI)","All Items","Index","Monthly","1964-M01","14.17070424731318","Units"
"United States","Consumer price index (CPI)","All Items","Index","Monthly","1964-M02","14.17070424731318","Units"
"United States","Consumer price index (CPI)","All Items","Index","Monthly","1964-M03","14.17070424731318","Units"
"United States","Consumer price index (CPI)","All Items","Index","Monthly","1964-M04","14.17070424731318","Units"
"United States","Consumer price index (CPI)","All Items","Index","Monthly","1964-M05","14.17070424731318","Units"
"United States","Consumer price index (CPI)","All Items","Index","Monthly","1964-M06","14.2165641316087","Units"
"United States","Consumer price index (CPI)","All Items","Index","Monthly","1964-M07","14.26242401590421","Units"
"United States","Consumer price index (CPI)","All Items","Index","Monthly","1964-M08","14.2165641316087","Units"
"United States","Consumer price index (CPI)","All Items","Index","Monthly","1964-M09","14.26242401590421","Units"
"United States","Consumer price index (CPI)","All Items","Index","Monthly","1964-M10","14.26242401590421","Units"
"United States","Consumer price index (CPI)","All Items","Index","Monthly","1964-M11","14.30828390019972","Units"
"United States","Consumer price index (CPI)","All Items","Index","Monthly","1964-M12","14.30828390019972","Units"
"United States","Consumer price index (CPI)","All Items","Index","Monthly","1965-M01","14.30828390019972","Units"
"United States","Consumer price index (CPI)","All Items","Index","Monthly","1965-M02","14.30828390019972","Units"
"United States","Consumer price index (CPI)","All Items","Index","Monthly","1965-M03","14.35414378449523","Units"
"United States","Consumer price index (CPI)","All Items","Index","Monthly","1965-M04","14.40000366879074","Units"
"United States","Consumer price index (CPI)","All Items","Index","Monthly","1965-M05","14.40000366879074","Units"
"United States","Consumer price index (CPI)","All Items","Index","Monthly","1965-M06","14.49172343738177","Units"
"United States","Consumer price index (CPI)","All Items","Index","Monthly","1965-M07","14.49172343738177","Units"
"United States","Consumer price index (CPI)","All Items","Index","Monthly","1965-M08","14.49172343738177","Units"
"United States","Consumer price index (CPI)","All Items","Index","Monthly","1965-M09","14.49172343738177","Units"
"United States","Consumer price index (CPI)","All Items","Index","Monthly","1965-M10","14.53758332167728","Units"
"United States","Consumer price index (CPI)","All Items","Index","Monthly","1965-M11","14.53758332167728","Units"
"United States","Consumer price index (CPI)","All Items","Index","Monthly","1965-M12","14.58344320597279","Units"
"United States","Consumer price index (CPI)","All Items","Index","Monthly","1966-M01","14.58344320597279","Units"
"United States","Consumer price index (CPI)","All Items","Index","Monthly","1966-M02","14.67516297456381","Units"
"United States","Consumer price index (CPI)","All Items","Index","Monthly","1966-M03","14.72102285885933","Units"
"United States","Consumer price index (CPI)","All Items","Index","Monthly","1966-M04","14.81274262745035","Units"
"United States","Consumer price index (CPI)","All Items","Index","Monthly","1966-M05","14.81274262745035","Units"
"United States","Consumer price index (CPI)","All Items","Index","Monthly","1966-M06","14.85860251174586","Units"
"United States","Consumer price index (CPI)","All Items","Index","Monthly","1966-M07","14.90446239604137","Units"
"United States","Consumer price index (CPI)","All Items","Index","Monthly","1966-M08","14.9961821646324","Units"
"United States","Consumer price index (CPI)","All Items","Index","Monthly","1966-M09","14.9961821646324","Units"
"United States","Consumer price index (CPI)","All Items","Index","Monthly","1966-M10","15.08790193322342","Units"
"United States","Consumer price index (CPI)","All Items","Index","Monthly","1966-M11","15.08790193322342","Units"
"United States","Consumer price index (CPI)","All Items","Index","Monthly","1966-M12","15.08790193322342","Units"
"United States","Consumer price index (CPI)","All Items","Index","Monthly","1967-M01","15.08790193322342","Units"
"United States","Consumer price index (CPI)","All Items","Index","Monthly","1967-M02","15.08790193322342","Units"
"United States","Consumer price index (CPI)","All Items","Index","Monthly","1967-M03","15.13376181751893","Units"
"United States","Consumer price index (CPI)","All Items","Index","Monthly","1967-M04","15.17962170181445","Units"
"United States","Consumer price index (CPI)","All Items","Index","Monthly","1967-M05","15.22548158610996","Units"
"United States","Consumer price index (CPI)","All Items","Index","Monthly","1967-M06","15.27134147040547","Units"
"United States","Consumer price index (CPI)","All Items","Index","Monthly","1967-M07","15.31720135470098","Units"
"United States","Consumer price index (CPI)","All Items","Index","Monthly","1967-M08","15.36306123899649","Units"
"United States","Consumer price index (CPI)","All Items","Index","Monthly","1967-M09","15.40892112329201","Units"
"United States","Consumer price index (CPI)","All Items","Index","Monthly","1967-M10","15.45478100758752","Units"
"United States","Consumer price index (CPI)","All Items","Index","Monthly","1967-M11","15.50064089188303","Units"
"United States","Consumer price index (CPI)","All Items","Index","Monthly","1967-M12","15.54650077617854","Units"
"United States","Consumer price index (CPI)","All Items","Index","Monthly","1968-M01","15.63822054476956","Units"
"United States","Consumer price index (CPI)","All Items","Index","Monthly","1968-M02","15.68408042906508","Units"
"United States","Consumer price index (CPI)","All Items","Index","Monthly","1968-M03","15.72994031336059","Units"
"United States","Consumer price index (CPI)","All Items","Index","Monthly","1968-M04","15.7758001976561","Units"
"United States","Consumer price index (CPI)","All Items","Index","Monthly","1968-M05","15.82166008195161","Units"
"United States","Consumer price index (CPI)","All Items","Index","Monthly","1968-M06","15.91337985054264","Units"
"United States","Consumer price index (CPI)","All Items","Index","Monthly","1968-M07","16.00509961913366","Units"
"United States","Consumer price index (CPI)","All Items","Index","Monthly","1968-M08","16.05095950342917","Units"
"United States","Consumer price index (CPI)","All Items","Index","Monthly","1968-M09","16.09681938772468","Units"
"United States","Consumer price index (CPI)","All Items","Index","Monthly","1968-M10","16.18853915631571","Units"
"United States","Consumer price index (CPI)","All Items","Index","Monthly","1968-M11","16.23439904061122","Units"
"United States","Consumer price index (CPI)","All Items","Index","Monthly","1968-M12","16.28025892490673","Units"
"United States","Consumer price index (CPI)","All Items","Index","Monthly","1969-M01","16.32611880920224","Units"
"United States","Consumer price index (CPI)","All Items","Index","Monthly","1969-M02","16.41783857779327","Units"
"United States","Consumer price index (CPI)","All Items","Index","Monthly","1969-M03","16.5554182306798","Units"
"United States","Consumer price index (CPI)","All Items","Index","Monthly","1969-M04","16.64713799927083","Units"
"United States","Consumer price index (CPI)","All Items","Index","Monthly","1969-M05","16.69299788356634","Units"
"United States","Consumer price index (CPI)","All Items","Index","Monthly","1969-M06","16.78471765215736","Units"
"United States","Consumer price index (CPI)","All Items","Index","Monthly","1969-M07","16.87643742074839","Units"
"United States","Consumer price index (CPI)","All Items","Index","Monthly","1969-M08","16.96815718933941","Units"
"United States","Consumer price index (CPI)","All Items","Index","Monthly","1969-M09","17.01401707363492","Units"
"United States","Consumer price index (CPI)","All Items","Index","Monthly","1969-M10","17.10573684222595","Units"
"United States","Consumer price index (CPI)","All Items","Index","Monthly","1969-M11","17.19745661081697","Units"
"United States","Consumer price index (CPI)","All Items","Index","Monthly","1969-M12","17.28917637940799","Units"
"United States","Consumer price index (CPI)","All Items","Index","Monthly","1970-M01","17.33503626370351","Units"
"United States","Consumer price index (CPI)","All Items","Index","Monthly","1970-M02","17.42675603229453","Units"
"United States","Consumer price index (CPI)","All Items","Index","Monthly","1970-M03","17.51847580088555","Units"
"United States","Consumer price index (CPI)","All Items","Index","Monthly","1970-M04","17.65605545377209","Units"
"United States","Consumer price index (CPI)","All Items","Index","Monthly","1970-M05","17.7019153380676","Units"
"United States","Consumer price index (CPI)","All Items","Index","Monthly","1970-M06","17.79363510665862","Units"
"United States","Consumer price index (CPI)","All Items","Index","Monthly","1970-M07","17.88535487524965","Units"
"United States","Consumer price index (CPI)","All Items","Index","Monthly","1970-M08","17.88535487524965","Units"
"United States","Consumer price index (CPI)","All Items","Index","Monthly","1970-M09","17.97707464384067","Units"
"United States","Consumer price index (CPI)","All Items","Index","Monthly","1970-M10","18.0687944124317","Units"
"United States","Consumer price index (CPI)","All Items","Index","Monthly","1970-M11","18.16051418102272","Units"
"United States","Consumer price index (CPI)","All Items","Index","Monthly","1970-M12","18.25223394961374","Units"
"United States","Consumer price index (CPI)","All Items","Index","Monthly","1971-M01","18.25223394961374","Units"
"United States","Consumer price index (CPI)","All Items","Index","Monthly","1971-M02","18.29809383390926","Units"
"United States","Consumer price index (CPI)","All Items","Index","Monthly","1971-M03","18.34395371820477","Units"
"United States","Consumer price index (CPI)","All Items","Index","Monthly","1971-M04","18.38981360250028","Units"
"United States","Consumer price index (CPI)","All Items","Index","Monthly","1971-M05","18.4815333710913","Units"
"United States","Consumer price index (CPI)","All Items","Index","Monthly","1971-M06","18.61911302397784","Units"
"United States","Consumer price index (CPI)","All Items","Index","Monthly","1971-M07","18.66497290827335","Units"
"United States","Consumer price index (CPI)","All Items","Index","Monthly","1971-M08","18.71083279256886","Units"
"United States","Consumer price index (CPI)","All Items","Index","Monthly","1971-M09","18.71083279256886","Units"
"United States","Consumer price index (CPI)","All Items","Index","Monthly","1971-M10","18.75669267686438","Units"
"United States","Consumer price index (CPI)","All Items","Index","Monthly","1971-M11","18.75669267686438","Units"
"United States","Consumer price index (CPI)","All Items","Index","Monthly","1971-M12","18.8484124454554","Units"
"United States","Consumer price index (CPI)","All Items","Index","Monthly","1972-M01","18.8484124454554","Units"
"United States","Consumer price index (CPI)","All Items","Index","Monthly","1972-M02","18.94013221404642","Units"
"United States","Consumer price index (CPI)","All Items","Index","Monthly","1972-M03","18.98599209834193","Units"
"United States","Consumer price index (CPI)","All Items","Index","Monthly","1972-M04","19.03185198263745","Units"
"United States","Consumer price index (CPI)","All Items","Index","Monthly","1972-M05","19.07771186693296","Units"
"United States","Consumer price index (CPI)","All Items","Index","Monthly","1972-M06","19.12357175122847","Units"
"United States","Consumer price index (CPI)","All Items","Index","Monthly","1972-M07","19.21529151981949","Units"
"United States","Consumer price index (CPI)","All Items","Index","Monthly","1972-M08","19.26115140411501","Units"
"United States","Consumer price index (CPI)","All Items","Index","Monthly","1972-M09","19.30701128841052","Units"
"United States","Consumer price index (CPI)","All Items","Index","Monthly","1972-M10","19.39873105700154","Units"
"United States","Consumer price index (CPI)","All Items","Index","Monthly","1972-M11","19.44459094129705","Units"
"United States","Consumer price index (CPI)","All Items","Index","Monthly","1972-M12","19.49045082559257","Units"
"United States","Consumer price index (CPI)","All Items","Index","Monthly","1973-M01","19.53631070988808","Units"
"United States","Consumer price index (CPI)","All Items","Index","Monthly","1973-M02","19.67389036277461","Units"
"United States","Consumer price index (CPI)","All Items","Index","Monthly","1973-M03","19.85732989995666","Units"
"United States","Consumer price index (CPI)","All Items","Index","Monthly","1973-M04","19.9949095528432","Units"
"United States","Consumer price index (CPI)","All Items","Index","Monthly","1973-M05","20.13248920572973","Units"
"United States","Consumer price index (CPI)","All Items","Index","Monthly","1973-M06","20.27006885861627","Units"
"United States","Consumer price index (CPI)","All Items","Index","Monthly","1973-M07","20.31592874291178","Units"
"United States","Consumer price index (CPI)","All Items","Index","Monthly","1973-M08","20.68280781727588","Units"
"United States","Consumer price index (CPI)","All Items","Index","Monthly","1973-M09","20.72866770157139","Units"
"United States","Consumer price index (CPI)","All Items","Index","Monthly","1973-M10","20.91210723875344","Units"
"United States","Consumer price index (CPI)","All Items","Index","Monthly","1973-M11","21.04968689163997","Units"
"United States","Consumer price index (CPI)","All Items","Index","Monthly","1973-M12","21.18726654452651","Units"
"United States","Consumer price index (CPI)","All Items","Index","Monthly","1974-M01","21.37070608170855","Units"
"United States","Consumer price index (CPI)","All Items","Index","Monthly","1974-M02","21.64586538748163","Units"
"United States","Consumer price index (CPI)","All Items","Index","Monthly","1974-M03","21.9210246932547","Units"
"United States","Consumer price index (CPI)","All Items","Index","Monthly","1974-M04","22.01274446184572","Units"
"United States","Consumer price index (CPI)","All Items","Index","Monthly","1974-M05","22.28790376761879","Units"
"United States","Consumer price index (CPI)","All Items","Index","Monthly","1974-M06","22.47134330480084","Units"
"United States","Consumer price index (CPI)","All Items","Index","Monthly","1974-M07","22.65478284198289","Units"
"United States","Consumer price index (CPI)","All Items","Index","Monthly","1974-M08","22.92994214775596","Units"
"United States","Consumer price index (CPI)","All Items","Index","Monthly","1974-M09","23.20510145352903","Units"
"United States","Consumer price index (CPI)","All Items","Index","Monthly","1974-M10","23.43440087500659","Units"
"United States","Consumer price index (CPI)","All Items","Index","Monthly","1974-M11","23.61784041218864","Units"
"United States","Consumer price index (CPI)","All Items","Index","Monthly","1974-M12","23.80127994937069","Units"
"United States","Consumer price index (CPI)","All Items","Index","Monthly","1975-M01","23.89299971796171","Units"
"United States","Consumer price index (CPI)","All Items","Index","Monthly","1975-M02","24.07643925514376","Units"
"United States","Consumer price index (CPI)","All Items","Index","Monthly","1975-M03","24.16815902373478","Units"
"United States","Consumer price index (CPI)","All Items","Index","Monthly","1975-M04","24.25987879232581","Units"
"United States","Consumer price index (CPI)","All Items","Index","Monthly","1975-M05","24.39745844521234","Units"
"United States","Consumer price index (CPI)","All Items","Index","Monthly","1975-M06","24.58089798239439","Units"
"United States","Consumer price index (CPI)","All Items","Index","Monthly","1975-M07","24.85605728816746","Units"
"United States","Consumer price index (CPI)","All Items","Index","Monthly","1975-M08","24.90191717246297","Units"
"United States","Consumer price index (CPI)","All Items","Index","Monthly","1975-M09","25.03949682534951","Units"
"United States","Consumer price index (CPI)","All Items","Index","Monthly","1975-M10","25.17707647823604","Units"
"United States","Consumer price index (CPI)","All Items","Index","Monthly","1975-M11","25.36051601541809","Units"
"United States","Consumer price index (CPI)","All Items","Index","Monthly","1975-M12","25.45223578400912","Units"
"United States","Consumer price index (CPI)","All Items","Index","Monthly","1976-M01","25.49809566830463","Units"
"United States","Consumer price index (CPI)","All Items","Index","Monthly","1976-M02","25.58981543689565","Units"
"United States","Consumer price index (CPI)","All Items","Index","Monthly","1976-M03","25.63567532119116","Units"
"United States","Consumer price index (CPI)","All Items","Index","Monthly","1976-M04","25.72739508978219","Units"
"United States","Consumer price index (CPI)","All Items","Index","Monthly","1976-M05","25.91083462696423","Units"
"United States","Consumer price index (CPI)","All Items","Index","Monthly","1976-M06","26.04841427985077","Units"
"United States","Consumer price index (CPI)","All Items","Index","Monthly","1976-M07","26.18599393273731","Units"
"United States","Consumer price index (CPI)","All Items","Index","Monthly","1976-M08","26.32357358562384","Units"
"United States","Consumer price index (CPI)","All Items","Index","Monthly","1976-M09","26.41529335421487","Units"
"United States","Consumer price index (CPI)","All Items","Index","Monthly","1976-M10","26.5528730071014","Units"
"United States","Consumer price index (CPI)","All Items","Index","Monthly","1976-M11","26.59873289139691","Units"
"United States","Consumer price index (CPI)","All Items","Index","Monthly","1976-M12","26.69045265998794","Units"
"United States","Consumer price index (CPI)","All Items","Index","Monthly","1977-M01","26.82803231287447","Units"
"United States","Consumer price index (CPI)","All Items","Index","Monthly","1977-M02","27.10319161864754","Units"
"United States","Consumer price index (CPI)","All Items","Index","Monthly","1977-M03","27.28663115582959","Units"
"United States","Consumer price index (CPI)","All Items","Index","Monthly","1977-M04","27.51593057730715","Units"
"United States","Consumer price index (CPI)","All Items","Index","Monthly","1977-M05","27.65351023019369","Units"
"United States","Consumer price index (CPI)","All Items","Index","Monthly","1977-M06","27.83694976737574","Units"
"United States","Consumer price index (CPI)","All Items","Index","Monthly","1977-M07","27.97452942026227","Units"
"United States","Consumer price index (CPI)","All Items","Index","Monthly","1977-M08","28.0662491888533","Units"
"United States","Consumer price index (CPI)","All Items","Index","Monthly","1977-M09","28.15796895744432","Units"
"United States","Consumer price index (CPI)","All Items","Index","Monthly","1977-M10","28.24968872603534","Units"
"United States","Consumer price index (CPI)","All Items","Index","Monthly","1977-M11","28.38726837892188","Units"
"United States","Consumer price index (CPI)","All Items","Index","Monthly","1977-M12","28.4789881475129","Units"
"United States","Consumer price index (CPI)","All Items","Index","Monthly","1978-M01","28.66242768469495","Units"
"United States","Consumer price index (CPI)","All Items","Index","Monthly","1978-M02","28.845867221877","Units"
"United States","Consumer price index (CPI)","All Items","Index","Monthly","1978-M03","29.07516664335456","Units"
"United States","Consumer price index (CPI)","All Items","Index","Monthly","1978-M04","29.30446606483212","Units"
"United States","Consumer price index (CPI)","All Items","Index","Monthly","1978-M05","29.57962537060519","Units"
"United States","Consumer price index (CPI)","All Items","Index","Monthly","1978-M06","29.90064456067377","Units"
"United States","Consumer price index (CPI)","All Items","Index","Monthly","1978-M07","30.12994398215133","Units"
"United States","Consumer price index (CPI)","All Items","Index","Monthly","1978-M08","30.26752363503787","Units"
"United States","Consumer price index (CPI)","All Items","Index","Monthly","1978-M09","30.49682305651543","Units"
"United States","Consumer price index (CPI)","All Items","Index","Monthly","1978-M10","30.7719823622885","Units"
"United States","Consumer price index (CPI)","All Items","Index","Monthly","1978-M11","30.90956201517503","Units"
"United States","Consumer price index (CPI)","All Items","Index","Monthly","1978-M12","31.04714166806157","Units"
"United States","Consumer price index (CPI)","All Items","Index","Monthly","1979-M01","31.32230097383464","Units"
"United States","Consumer price index (CPI)","All Items","Index","Monthly","1979-M02","31.68918004819874","Units"
"United States","Consumer price index (CPI)","All Items","Index","Monthly","1979-M03","32.01019923826732","Units"
"United States","Consumer price index (CPI)","All Items","Index","Monthly","1979-M04","32.37707831263142","Units"
"United States","Consumer price index (CPI)","All Items","Index","Monthly","1979-M05","32.78981727129102","Units"
"United States","Consumer price index (CPI)","All Items","Index","Monthly","1979-M06","33.15669634565512","Units"
"United States","Consumer price index (CPI)","All Items","Index","Monthly","1979-M07","33.52357542001921","Units"
"United States","Consumer price index (CPI)","All Items","Index","Monthly","1979-M08","33.8445946100878","Units"
"United States","Consumer price index (CPI)","All Items","Index","Monthly","1979-M09","34.21147368445189","Units"
"United States","Consumer price index (CPI)","All Items","Index","Monthly","1979-M10","34.48663299022496","Units"
"United States","Consumer price index (CPI)","All Items","Index","Monthly","1979-M11","34.80765218029355","Units"
"United States","Consumer price index (CPI)","All Items","Index","Monthly","1979-M12","35.17453125465764","Units"
"United States","Consumer price index (CPI)","All Items","Index","Monthly","1980-M01","35.67898998190827","Units"
"United States","Consumer price index (CPI)","All Items","Index","Monthly","1980-M02","36.1834487091589","Units"
"United States","Consumer price index (CPI)","All Items","Index","Monthly","1980-M03","36.73376732070505","Units"
"United States","Consumer price index (CPI)","All Items","Index","Monthly","1980-M04","37.14650627936466","Units"
"United States","Consumer price index (CPI)","All Items","Index","Monthly","1980-M05","37.51338535372875","Units"
"United States","Consumer price index (CPI)","All Items","Index","Monthly","1980-M06","37.92612431238836","Units"
"United States","Consumer price index (CPI)","All Items","Index","Monthly","1980-M07","37.92612431238836","Units"
"United States","Consumer price index (CPI)","All Items","Index","Monthly","1980-M08","38.20128361816143","Units"
"United States","Consumer price index (CPI)","All Items","Index","Monthly","1980-M09","38.52230280823001","Units"
"United States","Consumer price index (CPI)","All Items","Index","Monthly","1980-M10","38.88918188259411","Units"
"United States","Consumer price index (CPI)","All Items","Index","Monthly","1980-M11","39.21020107266269","Units"
"United States","Consumer price index (CPI)","All Items","Index","Monthly","1980-M12","39.57708014702679","Units"
"United States","Consumer price index (CPI)","All Items","Index","Monthly","1981-M01","39.89809933709537","Units"
"United States","Consumer price index (CPI)","All Items","Index","Monthly","1981-M02","40.31083829575498","Units"
"United States","Consumer price index (CPI)","All Items","Index","Monthly","1981-M03","40.58599760152805","Units"
"United States","Consumer price index (CPI)","All Items","Index","Monthly","1981-M04","40.86115690730112","Units"
"United States","Consumer price index (CPI)","All Items","Index","Monthly","1981-M05","41.1821760973697","Units"
"United States","Consumer price index (CPI)","All Items","Index","Monthly","1981-M06","41.5490551717338","Units"
"United States","Consumer price index (CPI)","All Items","Index","Monthly","1981-M07","42.00765401468892","Units"
"United States","Consumer price index (CPI)","All Items","Index","Monthly","1981-M08","42.3286732047575","Units"
"United States","Consumer price index (CPI)","All Items","Index","Monthly","1981-M09","42.74141216341711","Units"
"United States","Consumer price index (CPI)","All Items","Index","Monthly","1981-M10","42.83313193200813","Units"
"United States","Consumer price index (CPI)","All Items","Index","Monthly","1981-M11","42.97071158489467","Units"
"United States","Consumer price index (CPI)","All Items","Index","Monthly","1981-M12","43.1082912377812","Units"
"United States","Consumer price index (CPI)","All Items","Index","Monthly","1982-M01","43.24587089066774","Units"
"United States","Consumer price index (CPI)","All Items","Index","Monthly","1982-M02","43.38345054355428","Units"
"United States","Consumer price index (CPI)","All Items","Index","Monthly","1982-M03","43.33759065925876","Units"
"United States","Consumer price index (CPI)","All Items","Index","Monthly","1982-M04","43.52103019644081","Units"
"United States","Consumer price index (CPI)","All Items","Index","Monthly","1982-M05","43.93376915510042","Units"
"United States","Consumer price index (CPI)","All Items","Index","Monthly","1982-M06","44.48408776664656","Units"
"United States","Consumer price index (CPI)","All Items","Index","Monthly","1982-M07","44.71338718812412","Units"
"United States","Consumer price index (CPI)","All Items","Index","Monthly","1982-M08","44.80510695671515","Units"
"United States","Consumer price index (CPI)","All Items","Index","Monthly","1982-M09","44.89682672530617","Units"
"United States","Consumer price index (CPI)","All Items","Index","Monthly","1982-M10","45.03440637819271","Units"
"United States","Consumer price index (CPI)","All Items","Index","Monthly","1982-M11","44.94268660960168","Units"
"United States","Consumer price index (CPI)","All Items","Index","Monthly","1982-M12","44.75924707241963","Units"
"United States","Consumer price index (CPI)","All Items","Index","Monthly","1983-M01","44.85096684101066","Units"
"United States","Consumer price index (CPI)","All Items","Index","Monthly","1983-M02","44.89682672530617","Units"
"United States","Consumer price index (CPI)","All Items","Index","Monthly","1983-M03","44.89682672530617","Units"
"United States","Consumer price index (CPI)","All Items","Index","Monthly","1983-M04","45.21784591537475","Units"
"United States","Consumer price index (CPI)","All Items","Index","Monthly","1983-M05","45.49300522114782","Units"
"United States","Consumer price index (CPI)","All Items","Index","Monthly","1983-M06","45.63058487403436","Units"
"United States","Consumer price index (CPI)","All Items","Index","Monthly","1983-M07","45.81402441121641","Units"
"United States","Consumer price index (CPI)","All Items","Index","Monthly","1983-M08","45.95160406410294","Units"
"United States","Consumer price index (CPI)","All Items","Index","Monthly","1983-M09","46.1809034855805","Units"
"United States","Consumer price index (CPI)","All Items","Index","Monthly","1983-M10","46.31848313846704","Units"
"United States","Consumer price index (CPI)","All Items","Index","Monthly","1983-M11","46.41020290705806","Units"
"United States","Consumer price index (CPI)","All Items","Index","Monthly","1983-M12","46.45606279135357","Units"
"United States","Consumer price index (CPI)","All Items","Index","Monthly","1984-M01","46.73122209712665","Units"
"United States","Consumer price index (CPI)","All Items","Index","Monthly","1984-M02","46.96052151860421","Units"
"United States","Consumer price index (CPI)","All Items","Index","Monthly","1984-M03","47.05224128719523","Units"
"United States","Consumer price index (CPI)","All Items","Index","Monthly","1984-M04","47.28154070867279","Units"
"United States","Consumer price index (CPI)","All Items","Index","Monthly","1984-M05","47.41912036155933","Units"
"United States","Consumer price index (CPI)","All Items","Index","Monthly","1984-M06","47.55670001444586","Units"
"United States","Consumer price index (CPI)","All Items","Index","Monthly","1984-M07","47.74013955162791","Units"
"United States","Consumer price index (CPI)","All Items","Index","Monthly","1984-M08","47.92357908880996","Units"
"United States","Consumer price index (CPI)","All Items","Index","Monthly","1984-M09","48.15287851028752","Units"
"United States","Consumer price index (CPI)","All Items","Index","Monthly","1984-M10","48.29045816317405","Units"
"United States","Consumer price index (CPI)","All Items","Index","Monthly","1984-M11","48.29045816317405","Units"
"United States","Consumer price index (CPI)","All Items","Index","Monthly","1984-M12","48.29045816317405","Units"
"United States","Consumer price index (CPI)","All Items","Index","Monthly","1985-M01","48.38217793176508","Units"
"United States","Consumer price index (CPI)","All Items","Index","Monthly","1985-M02","48.61147735324264","Units"
"United States","Consumer price index (CPI)","All Items","Index","Monthly","1985-M03","48.79491689042468","Units"
"United States","Consumer price index (CPI)","All Items","Index","Monthly","1985-M04","49.02421631190224","Units"
"United States","Consumer price index (CPI)","All Items","Index","Monthly","1985-M05","49.20765584908429","Units"
"United States","Consumer price index (CPI)","All Items","Index","Monthly","1985-M06","49.34523550197083","Units"
"United States","Consumer price index (CPI)","All Items","Index","Monthly","1985-M07","49.43695527056185","Units"
"United States","Consumer price index (CPI)","All Items","Index","Monthly","1985-M08","49.52867503915287","Units"
"United States","Consumer price index (CPI)","All Items","Index","Monthly","1985-M09","49.66625469203941","Units"
"United States","Consumer price index (CPI)","All Items","Index","Monthly","1985-M10","49.84969422922146","Units"
"United States","Consumer price index (CPI)","All Items","Index","Monthly","1985-M11","49.98727388210799","Units"
"United States","Consumer price index (CPI)","All Items","Index","Monthly","1985-M12","50.12485353499453","Units"
"United States","Consumer price index (CPI)","All Items","Index","Monthly","1986-M01","50.26243318788106","Units"
"United States","Consumer price index (CPI)","All Items","Index","Monthly","1986-M02","50.12485353499453","Units"
"United States","Consumer price index (CPI)","All Items","Index","Monthly","1986-M03","49.89555411351697","Units"
"United States","Consumer price index (CPI)","All Items","Index","Monthly","1986-M04","49.80383434492595","Units"
"United States","Consumer price index (CPI)","All Items","Index","Monthly","1986-M05","49.94141399781248","Units"
"United States","Consumer price index (CPI)","All Items","Index","Monthly","1986-M06","50.21657330358555","Units"
"United States","Consumer price index (CPI)","All Items","Index","Monthly","1986-M07","50.21657330358555","Units"
"United States","Consumer price index (CPI)","All Items","Index","Monthly","1986-M08","50.30829307217658","Units"
"United States","Consumer price index (CPI)","All Items","Index","Monthly","1986-M09","50.53759249365414","Units"
"United States","Consumer price index (CPI)","All Items","Index","Monthly","1986-M10","50.58345237794965","Units"
"United States","Consumer price index (CPI)","All Items","Index","Monthly","1986-M11","50.62931226224516","Units"
"United States","Consumer price index (CPI)","All Items","Index","Monthly","1986-M12","50.67517214654067","Units"
"United States","Consumer price index (CPI)","All Items","Index","Monthly","1987-M01","50.99619133660926","Units"
"United States","Consumer price index (CPI)","All Items","Index","Monthly","1987-M02","51.1796308737913","Units"
"United States","Consumer price index (CPI)","All Items","Index","Monthly","1987-M03","51.40893029526886","Units"
"United States","Consumer price index (CPI)","All Items","Index","Monthly","1987-M04","51.68408960104193","Units"
"United States","Consumer price index (CPI)","All Items","Index","Monthly","1987-M05","51.86752913822398","Units"
"United States","Consumer price index (CPI)","All Items","Index","Monthly","1987-M06","52.05096867540603","Units"
"United States","Consumer price index (CPI)","All Items","Index","Monthly","1987-M07","52.18854832829256","Units"
"United States","Consumer price index (CPI)","All Items","Index","Monthly","1987-M08","52.46370763406564","Units"
"United States","Consumer price index (CPI)","All Items","Index","Monthly","1987-M09","52.73886693983871","Units"
"United States","Consumer price index (CPI)","All Items","Index","Monthly","1987-M10","52.87644659272524","Units"
"United States","Consumer price index (CPI)","All Items","Index","Monthly","1987-M11","52.92230647702076","Units"
"United States","Consumer price index (CPI)","All Items","Index","Monthly","1987-M12","52.92230647702076","Units"
"United States","Consumer price index (CPI)","All Items","Index","Monthly","1988-M01","53.05988612990729","Units"
"United States","Consumer price index (CPI)","All Items","Index","Monthly","1988-M02","53.19746578279383","Units"
"United States","Consumer price index (CPI)","All Items","Index","Monthly","1988-M03","53.42676520427139","Units"
"United States","Consumer price index (CPI)","All Items","Index","Monthly","1988-M04","53.70192451004446","Units"
"United States","Consumer price index (CPI)","All Items","Index","Monthly","1988-M05","53.88536404722651","Units"
"United States","Consumer price index (CPI)","All Items","Index","Monthly","1988-M06","54.11466346870407","Units"
"United States","Consumer price index (CPI)","All Items","Index","Monthly","1988-M07","54.34396289018163","Units"
"United States","Consumer price index (CPI)","All Items","Index","Monthly","1988-M08","54.57326231165918","Units"
"United States","Consumer price index (CPI)","All Items","Index","Monthly","1988-M09","54.94014138602328","Units"
"United States","Consumer price index (CPI)","All Items","Index","Monthly","1988-M10","55.12358092320533","Units"
"United States","Consumer price index (CPI)","All Items","Index","Monthly","1988-M11","55.16944080750084","Units"
"United States","Consumer price index (CPI)","All Items","Index","Monthly","1988-M12","55.26116057609186","Units"
"United States","Consumer price index (CPI)","All Items","Index","Monthly","1989-M01","55.53631988186494","Units"
"United States","Consumer price index (CPI)","All Items","Index","Monthly","1989-M02","55.76561930334249","Units"
"United States","Consumer price index (CPI)","All Items","Index","Monthly","1989-M03","56.08663849341108","Units"
"United States","Consumer price index (CPI)","All Items","Index","Monthly","1989-M04","56.45351756777517","Units"
"United States","Consumer price index (CPI)","All Items","Index","Monthly","1989-M05","56.77453675784376","Units"
"United States","Consumer price index (CPI)","All Items","Index","Monthly","1989-M06","56.91211641073029","Units"
"United States","Consumer price index (CPI)","All Items","Index","Monthly","1989-M07","57.04969606361683","Units"
"United States","Consumer price index (CPI)","All Items","Index","Monthly","1989-M08","57.14141583220785","Units"
"United States","Consumer price index (CPI)","All Items","Index","Monthly","1989-M09","57.3248553693899","Units"
"United States","Consumer price index (CPI)","All Items","Index","Monthly","1989-M10","57.60001467516297","Units"
"United States","Consumer price index (CPI)","All Items","Index","Monthly","1989-M11","57.73759432804951","Units"
"United States","Consumer price index (CPI)","All Items","Index","Monthly","1989-M12","57.82931409664053","Units"
"United States","Consumer price index (CPI)","All Items","Index","Monthly","1990-M01","58.42549259248219","Units"
"United States","Consumer price index (CPI)","All Items","Index","Monthly","1990-M02","58.70065189825526","Units"
"United States","Consumer price index (CPI)","All Items","Index","Monthly","1990-M03","59.02167108832384","Units"
"United States","Consumer price index (CPI)","All Items","Index","Monthly","1990-M04","59.11339085691486","Units"
"United States","Consumer price index (CPI)","All Items","Index","Monthly","1990-M05","59.2509705098014","Units"
"United States","Consumer price index (CPI)","All Items","Index","Monthly","1990-M06","59.57198969986998","Units"
"United States","Consumer price index (CPI)","All Items","Index","Monthly","1990-M07","59.80128912134754","Units"
"United States","Consumer price index (CPI)","All Items","Index","Monthly","1990-M08","60.35160773289369","Units"
"United States","Consumer price index (CPI)","All Items","Index","Monthly","1990-M09","60.85606646014432","Units"
"United States","Consumer price index (CPI)","All Items","Index","Monthly","1990-M10","61.22294553450841","Units"
"United States","Consumer price index (CPI)","All Items","Index","Monthly","1990-M11","61.36052518739495","Units"
"United States","Consumer price index (CPI)","All Items","Index","Monthly","1990-M12","61.36052518739495","Units"
