"COUNTRY","PRODUCTION_INDEX","TYPE_OF_TRANSFORMATION","FREQUENCY","TIME_PERIOD","OBS_VALUE","SCALE"
"Spain","Industrial Production","Index","Monthly","1961-M01","18.68751028500634","Units"
"Spain","Industrial Production","Index","Monthly","1961-M02","18.25346265126798","Units"
"Spain","Industrial Production","Index","Monthly","1961-M03","18.42942790818894","Units"
"Spain","Industrial Production","Index","Monthly","1961-M04","18.61712418223797","Units"
"Spain","Industrial Production","Index","Monthly","1961-M05","19.5907986038673","Units"
"Spain","Industrial Production","Index","Monthly","1961-M06","18.45288994244506","Units"
"Spain","Industrial Production","Index","Monthly","1961-M07","17.6199877263525","Units"
"Spain","Industrial Production","Index","Monthly","1961-M08","17.69037382912088","Units"
"Spain","Industrial Production","Index","Monthly","1961-M09","19.64945368950762","Units"
"Spain","Industrial Production","Index","Monthly","1961-M10","20.2125425116547","Units"
"Spain","Industrial Production","Index","Monthly","1961-M11","21.84315389245563","Units"
"Spain","Industrial Production","Index","Monthly","1961-M12","23.45030323900043","Units"
"Spain","Industrial Production","Index","Monthly","1962-M01","22.08950525214498","Units"
"Spain","Industrial Production","Index","Monthly","1962-M02","21.01025167636308","Units"
"Spain","Industrial Production","Index","Monthly","1962-M03","22.39451169747466","Units"
"Spain","Industrial Production","Index","Monthly","1962-M04","20.58793505975276","Units"
"Spain","Industrial Production","Index","Monthly","1962-M05","21.362182190205","Units"
"Spain","Industrial Production","Index","Monthly","1962-M06","20.83428641944211","Units"
"Spain","Industrial Production","Index","Monthly","1962-M07","19.90753606632503","Units"
"Spain","Industrial Production","Index","Monthly","1962-M08","18.98078571320796","Units"
"Spain","Industrial Production","Index","Monthly","1962-M09","20.20081149452664","Units"
"Spain","Industrial Production","Index","Monthly","1962-M10","21.77276778968725","Units"
"Spain","Industrial Production","Index","Monthly","1962-M11","23.37991713623205","Units"
"Spain","Industrial Production","Index","Monthly","1962-M12","24.21281935232461","Units"
"Spain","Industrial Production","Index","Monthly","1963-M01","24.22455036945268","Units"
"Spain","Industrial Production","Index","Monthly","1963-M02","22.87548339972529","Units"
"Spain","Industrial Production","Index","Monthly","1963-M03","23.34472408484786","Units"
"Spain","Industrial Production","Index","Monthly","1963-M04","22.81682831408498","Units"
"Spain","Industrial Production","Index","Monthly","1963-M05","23.66146154730561","Units"
"Spain","Industrial Production","Index","Monthly","1963-M06","22.54701492013951","Units"
"Spain","Industrial Production","Index","Monthly","1963-M07","21.62026456702242","Units"
"Spain","Industrial Production","Index","Monthly","1963-M08","20.90467252221049","Units"
"Spain","Industrial Production","Index","Monthly","1963-M09","22.32412559470627","Units"
"Spain","Industrial Production","Index","Monthly","1963-M10","24.30666748934912","Units"
"Spain","Industrial Production","Index","Monthly","1963-M11","24.63513596893492","Units"
"Spain","Industrial Production","Index","Monthly","1963-M12","25.76131361322908","Units"
"Spain","Industrial Production","Index","Monthly","1964-M01","26.85229820613906","Units"
"Spain","Industrial Production","Index","Monthly","1964-M02","26.66460193209003","Units"
"Spain","Industrial Production","Index","Monthly","1964-M03","24.94014241426459","Units"
"Spain","Industrial Production","Index","Monthly","1964-M04","26.16016819558328","Units"
"Spain","Industrial Production","Index","Monthly","1964-M05","26.06632005855876","Units"
"Spain","Industrial Production","Index","Monthly","1964-M06","26.00766497291844","Units"
"Spain","Industrial Production","Index","Monthly","1964-M07","25.47976920215554","Units"
"Spain","Industrial Production","Index","Monthly","1964-M08","22.68778712567626","Units"
"Spain","Industrial Production","Index","Monthly","1964-M09","25.78477564748522","Units"
"Spain","Industrial Production","Index","Monthly","1964-M10","26.91095329177938","Units"
"Spain","Industrial Production","Index","Monthly","1964-M11","28.22482721012257","Units"
"Spain","Industrial Production","Index","Monthly","1964-M12","29.2336946831361","Units"
"Spain","Industrial Production","Index","Monthly","1965-M01","28.04886195320161","Units"
"Spain","Industrial Production","Index","Monthly","1965-M02","29.48004604282545","Units"
"Spain","Industrial Production","Index","Monthly","1965-M03","31.040271320858","Units"
"Spain","Industrial Production","Index","Monthly","1965-M04","30.20736910476543","Units"
"Spain","Industrial Production","Index","Monthly","1965-M05","31.15758149213863","Units"
"Spain","Industrial Production","Index","Monthly","1965-M06","30.07832791635673","Units"
"Spain","Industrial Production","Index","Monthly","1965-M07","30.80565097829671","Units"
"Spain","Industrial Production","Index","Monthly","1965-M08","25.83169971599747","Units"
"Spain","Industrial Production","Index","Monthly","1965-M09","30.74699589265639","Units"
"Spain","Industrial Production","Index","Monthly","1965-M10","31.63855319438927","Units"
"Spain","Industrial Production","Index","Monthly","1965-M11","32.65915168453086","Units"
"Spain","Industrial Production","Index","Monthly","1965-M12","33.01108219837279","Units"
"Spain","Industrial Production","Index","Monthly","1966-M01","32.89377202709213","Units"
"Spain","Industrial Production","Index","Monthly","1966-M02","33.55070898626373","Units"
"Spain","Industrial Production","Index","Monthly","1966-M03","36.48346326827979","Units"
"Spain","Industrial Production","Index","Monthly","1966-M04","34.8059278189666","Units"
"Spain","Industrial Production","Index","Monthly","1966-M05","35.5919059665469","Units"
"Spain","Industrial Production","Index","Monthly","1966-M06","35.22824443557692","Units"
"Spain","Industrial Production","Index","Monthly","1966-M07","33.12839236965343","Units"
"Spain","Industrial Production","Index","Monthly","1966-M08","29.42139095718511","Units"
"Spain","Industrial Production","Index","Monthly","1966-M09","35.65056105218722","Units"
"Spain","Industrial Production","Index","Monthly","1966-M10","36.60077343956042","Units"
"Spain","Industrial Production","Index","Monthly","1966-M11","36.60077343956042","Units"
"Spain","Industrial Production","Index","Monthly","1966-M12","37.97330244354394","Units"
"Spain","Industrial Production","Index","Monthly","1967-M01","35.88518139474852","Units"
"Spain","Industrial Production","Index","Monthly","1967-M02","34.62996256204563","Units"
"Spain","Industrial Production","Index","Monthly","1967-M03","36.84712479924977","Units"
"Spain","Industrial Production","Index","Monthly","1967-M04","37.56271684406169","Units"
"Spain","Industrial Production","Index","Monthly","1967-M05","37.02309005617073","Units"
"Spain","Industrial Production","Index","Monthly","1967-M06","37.621371929702","Units"
"Spain","Industrial Production","Index","Monthly","1967-M07","35.16958934993658","Units"
"Spain","Industrial Production","Index","Monthly","1967-M08","30.07832791635669","Units"
"Spain","Industrial Production","Index","Monthly","1967-M09","35.5215198637785","Units"
"Spain","Industrial Production","Index","Monthly","1967-M10","36.00249156602913","Units"
"Spain","Industrial Production","Index","Monthly","1967-M11","37.19905531309168","Units"
"Spain","Industrial Production","Index","Monthly","1967-M12","37.25771039873201","Units"
"Spain","Industrial Production","Index","Monthly","1968-M01","37.56271684406168","Units"
"Spain","Industrial Production","Index","Monthly","1968-M02","38.21965380323328","Units"
"Spain","Industrial Production","Index","Monthly","1968-M03","38.87659076240487","Units"
"Spain","Industrial Production","Index","Monthly","1968-M04","38.16099871759296","Units"
"Spain","Industrial Production","Index","Monthly","1968-M05","40.13180959510776","Units"
"Spain","Industrial Production","Index","Monthly","1968-M06","38.81793567676456","Units"
"Spain","Industrial Production","Index","Monthly","1968-M07","37.79733718662297","Units"
"Spain","Industrial Production","Index","Monthly","1968-M08","31.7558633656699","Units"
"Spain","Industrial Production","Index","Monthly","1968-M09","38.64197041984361","Units"
"Spain","Industrial Production","Index","Monthly","1968-M10","41.21106317088968","Units"
"Spain","Industrial Production","Index","Monthly","1968-M11","41.75068995878063","Units"
"Spain","Industrial Production","Index","Monthly","1968-M12","43.00590879148351","Units"
"Spain","Industrial Production","Index","Monthly","1969-M01","43.60419066501479","Units"
"Spain","Industrial Production","Index","Monthly","1969-M02","42.52493708923286","Units"
"Spain","Industrial Production","Index","Monthly","1969-M03","46.94753054651307","Units"
"Spain","Industrial Production","Index","Monthly","1969-M04","45.75096679945053","Units"
"Spain","Industrial Production","Index","Monthly","1969-M05","46.88887546087275","Units"
"Spain","Industrial Production","Index","Monthly","1969-M06","45.80962188509084","Units"
"Spain","Industrial Production","Index","Monthly","1969-M07","43.78015592193571","Units"
"Spain","Industrial Production","Index","Monthly","1969-M08","37.02309005617071","Units"
"Spain","Industrial Production","Index","Monthly","1969-M09","45.80962188509082","Units"
"Spain","Industrial Production","Index","Monthly","1969-M10","48.1440942935756","Units"
"Spain","Industrial Production","Index","Monthly","1969-M11","46.4079037586221","Units"
"Spain","Industrial Production","Index","Monthly","1969-M12","47.00618563215338","Units"
"Spain","Industrial Production","Index","Monthly","1970-M01","47.96812903665464","Units"
"Spain","Industrial Production","Index","Monthly","1970-M02","48.39044565326496","Units"
"Spain","Industrial Production","Index","Monthly","1970-M03","47.72177767696532","Units"
"Spain","Industrial Production","Index","Monthly","1970-M04","51.44051010656169","Units"
"Spain","Industrial Production","Index","Monthly","1970-M05","48.98872752679624","Units"
"Spain","Industrial Production","Index","Monthly","1970-M06","49.64566448596784","Units"
"Spain","Industrial Production","Index","Monthly","1970-M07","48.39044565326497","Units"
"Spain","Industrial Production","Index","Monthly","1970-M08","38.51292923143488","Units"
"Spain","Industrial Production","Index","Monthly","1970-M09","47.90947395101433","Units"
"Spain","Industrial Production","Index","Monthly","1970-M10","49.64566448596784","Units"
"Spain","Industrial Production","Index","Monthly","1970-M11","51.19415874687232","Units"
"Spain","Industrial Production","Index","Monthly","1970-M12","49.22334786935752","Units"
"Spain","Industrial Production","Index","Monthly","1971-M01","49.28200295499783","Units"
"Spain","Industrial Production","Index","Monthly","1971-M02","50.1149051710904","Units"
"Spain","Industrial Production","Index","Monthly","1971-M03","53.1649696243871","Units"
"Spain","Industrial Production","Index","Monthly","1971-M04","51.61647536348262","Units"
"Spain","Industrial Production","Index","Monthly","1971-M05","52.33206740829454","Units"
"Spain","Industrial Production","Index","Monthly","1971-M06","53.23535572715548","Units"
"Spain","Industrial Production","Index","Monthly","1971-M07","52.21475723701388","Units"
"Spain","Industrial Production","Index","Monthly","1971-M08","41.69203487314028","Units"
"Spain","Industrial Production","Index","Monthly","1971-M09","51.67513044912294","Units"
"Spain","Industrial Production","Index","Monthly","1971-M10","52.93034928182582","Units"
"Spain","Industrial Production","Index","Monthly","1971-M11","54.66653981677933","Units"
"Spain","Industrial Production","Index","Monthly","1971-M12","54.43191947421805","Units"
"Spain","Industrial Production","Index","Monthly","1972-M01","56.40273035173285","Units"
"Spain","Industrial Production","Index","Monthly","1972-M02","58.00987969827765","Units"
"Spain","Industrial Production","Index","Monthly","1972-M03","61.65822602510563","Units"
"Spain","Industrial Production","Index","Monthly","1972-M04","59.26509853098054","Units"
"Spain","Industrial Production","Index","Monthly","1972-M05","61.18898533998307","Units"
"Spain","Industrial Production","Index","Monthly","1972-M06","63.04248604621722","Units"
"Spain","Industrial Production","Index","Monthly","1972-M07","58.43219631488797","Units"
"Spain","Industrial Production","Index","Monthly","1972-M08","46.94753054651306","Units"
"Spain","Industrial Production","Index","Monthly","1972-M09","61.48226076818464","Units"
"Spain","Industrial Production","Index","Monthly","1972-M10","62.67882451524719","Units"
"Spain","Industrial Production","Index","Monthly","1972-M11","65.01329692373198","Units"
"Spain","Industrial Production","Index","Monthly","1972-M12","63.64076791974844","Units"
"Spain","Industrial Production","Index","Monthly","1973-M01","65.96350931110515","Units"
"Spain","Industrial Production","Index","Monthly","1973-M02","64.83733166681101","Units"
"Spain","Industrial Production","Index","Monthly","1973-M03","69.02530478152993","Units"
"Spain","Industrial Production","Index","Monthly","1973-M04","65.4356135403423","Units"
"Spain","Industrial Production","Index","Monthly","1973-M05","69.31858020973156","Units"
"Spain","Industrial Production","Index","Monthly","1973-M06","70.03417225454348","Units"
"Spain","Industrial Production","Index","Monthly","1973-M07","64.64963539276203","Units"
"Spain","Industrial Production","Index","Monthly","1973-M08","51.37012400379332","Units"
"Spain","Industrial Production","Index","Monthly","1973-M09","66.56179118463652","Units"
"Spain","Industrial Production","Index","Monthly","1973-M10","69.79955191198226","Units"
"Spain","Industrial Production","Index","Monthly","1973-M11","71.53574244693576","Units"
"Spain","Industrial Production","Index","Monthly","1973-M12","68.29798171959005","Units"
"Spain","Industrial Production","Index","Monthly","1974-M01","75.41870911632506","Units"
"Spain","Industrial Production","Index","Monthly","1974-M02","72.84961636527897","Units"
"Spain","Industrial Production","Index","Monthly","1974-M03","75.53601928760568","Units"
"Spain","Industrial Production","Index","Monthly","1974-M04","72.48595483430901","Units"
"Spain","Industrial Production","Index","Monthly","1974-M05","74.58580690023251","Units"
"Spain","Industrial Production","Index","Monthly","1974-M06","74.28080045490281","Units"
"Spain","Industrial Production","Index","Monthly","1974-M07","69.02530478153","Units"
"Spain","Industrial Production","Index","Monthly","1974-M08","58.43219631488801","Units"
"Spain","Industrial Production","Index","Monthly","1974-M09","71.2307360016061","Units"
"Spain","Industrial Production","Index","Monthly","1974-M10","74.58580690023248","Units"
"Spain","Industrial Production","Index","Monthly","1974-M11","70.80841938499578","Units"
"Spain","Industrial Production","Index","Monthly","1974-M12","67.04276288688714","Units"
"Spain","Industrial Production","Index","Monthly","1975-M01","66.85506661283813","Units"
"Spain","Industrial Production","Index","Monthly","1975-M02","68.21154622527253","Units"
"Spain","Industrial Production","Index","Monthly","1975-M03","71.60274525635852","Units"
"Spain","Industrial Production","Index","Monthly","1975-M04","70.73072264836498","Units"
"Spain","Industrial Production","Index","Monthly","1975-M05","70.14937424303596","Units"
"Spain","Industrial Production","Index","Monthly","1975-M06","69.6649172385951","Units"
"Spain","Industrial Production","Index","Monthly","1975-M07","66.46750100928545","Units"
"Spain","Industrial Production","Index","Monthly","1975-M08","46.41098102543401","Units"
"Spain","Industrial Production","Index","Monthly","1975-M09","71.89341945902304","Units"
"Spain","Industrial Production","Index","Monthly","1975-M10","77.4162293096488","Units"
"Spain","Industrial Production","Index","Monthly","1975-M11","72.66855066612841","Units"
"Spain","Industrial Production","Index","Monthly","1975-M12","71.0213968510295","Units"
"Spain","Industrial Production","Index","Monthly","1976-M01","67.04884941461448","Units"
"Spain","Industrial Production","Index","Monthly","1976-M02","69.47113443681876","Units"
"Spain","Industrial Production","Index","Monthly","1976-M03","74.21881308033915","Units"
"Spain","Industrial Production","Index","Monthly","1976-M04","73.44368187323378","Units"
"Spain","Industrial Production","Index","Monthly","1976-M05","74.89705288655635","Units"
"Spain","Industrial Production","Index","Monthly","1976-M06","73.24989907145743","Units"
"Spain","Industrial Production","Index","Monthly","1976-M07","74.12192167945098","Units"
"Spain","Industrial Production","Index","Monthly","1976-M08","48.54259184497378","Units"
"Spain","Industrial Production","Index","Monthly","1976-M09","76.54420670165526","Units"
"Spain","Industrial Production","Index","Monthly","1976-M10","78.094469115866","Units"
"Spain","Industrial Production","Index","Monthly","1976-M11","79.45094872830039","Units"
"Spain","Industrial Production","Index","Monthly","1976-M12","76.44731530076708","Units"
"Spain","Industrial Production","Index","Monthly","1977-M01","73.54057327412195","Units"
"Spain","Industrial Production","Index","Monthly","1977-M02","76.93177230520794","Units"
"Spain","Industrial Production","Index","Monthly","1977-M03","84.10173597093261","Units"
"Spain","Industrial Production","Index","Monthly","1977-M04","76.93177230520794","Units"
"Spain","Industrial Production","Index","Monthly","1977-M05","81.0981025433993","Units"
"Spain","Industrial Production","Index","Monthly","1977-M06","77.12555510698428","Units"
"Spain","Industrial Production","Index","Monthly","1977-M07","71.50585385547035","Units"
"Spain","Industrial Production","Index","Monthly","1977-M08","49.31772305207915","Units"
"Spain","Industrial Production","Index","Monthly","1977-M09","80.03229713362942","Units"
"Spain","Industrial Production","Index","Monthly","1977-M10","80.03229713362942","Units"
"Spain","Industrial Production","Index","Monthly","1977-M11","79.54784012918856","Units"
"Spain","Industrial Production","Index","Monthly","1977-M12","80.51675413807028","Units"
"Spain","Industrial Production","Index","Monthly","1978-M01","77.70690351231331","Units"
"Spain","Industrial Production","Index","Monthly","1978-M02","77.99757771497782","Units"
"Spain","Industrial Production","Index","Monthly","1978-M03","79.93540573274125","Units"
"Spain","Industrial Production","Index","Monthly","1978-M04","78.67581752119502","Units"
"Spain","Industrial Production","Index","Monthly","1978-M05","79.45094872830039","Units"
"Spain","Industrial Production","Index","Monthly","1978-M06","82.4545821558337","Units"
"Spain","Industrial Production","Index","Monthly","1978-M07","74.0250302785628","Units"
"Spain","Industrial Production","Index","Monthly","1978-M08","50.57731126362537","Units"
"Spain","Industrial Production","Index","Monthly","1978-M09","81.7763423496165","Units"
"Spain","Industrial Production","Index","Monthly","1978-M10","84.68308437626164","Units"
"Spain","Industrial Production","Index","Monthly","1978-M11","85.36132418247884","Units"
"Spain","Industrial Production","Index","Monthly","1978-M12","78.77270892208319","Units"
"Spain","Industrial Production","Index","Monthly","1979-M01","80.51675413807028","Units"
"Spain","Industrial Production","Index","Monthly","1979-M02","75.3815098909972","Units"
"Spain","Industrial Production","Index","Monthly","1979-M03","82.26079935405736","Units"
"Spain","Industrial Production","Index","Monthly","1979-M04","75.67218409366172","Units"
"Spain","Industrial Production","Index","Monthly","1979-M05","85.16754138070249","Units"
"Spain","Industrial Production","Index","Monthly","1979-M06","81.97012515139284","Units"
"Spain","Industrial Production","Index","Monthly","1979-M07","78.48203471941868","Units"
"Spain","Industrial Production","Index","Monthly","1979-M08","51.54622527250708","Units"
"Spain","Industrial Production","Index","Monthly","1979-M09","79.93540573274125","Units"
"Spain","Industrial Production","Index","Monthly","1979-M10","84.97375857892615","Units"
"Spain","Industrial Production","Index","Monthly","1979-M11","86.62091239402506","Units"
"Spain","Industrial Production","Index","Monthly","1979-M12","76.7379895034316","Units"
"Spain","Industrial Production","Index","Monthly","1980-M01","82.26079935405736","Units"
"Spain","Industrial Production","Index","Monthly","1980-M02","82.06701655228101","Units"
"Spain","Industrial Production","Index","Monthly","1980-M03","83.1328219620509","Units"
"Spain","Industrial Production","Index","Monthly","1980-M04","79.16027452563588","Units"
"Spain","Industrial Production","Index","Monthly","1980-M05","83.32660476382724","Units"
"Spain","Industrial Production","Index","Monthly","1980-M06","79.74162293096491","Units"
"Spain","Industrial Production","Index","Monthly","1980-M07","79.45094872830039","Units"
"Spain","Industrial Production","Index","Monthly","1980-M08","47.76746063786841","Units"
"Spain","Industrial Production","Index","Monthly","1980-M09","81.19499394428747","Units"
"Spain","Industrial Production","Index","Monthly","1980-M10","88.1711748082358","Units"
"Spain","Industrial Production","Index","Monthly","1980-M11","84.10173597093261","Units"
"Spain","Industrial Production","Index","Monthly","1980-M12","79.74162293096491","Units"
"Spain","Industrial Production","Index","Monthly","1981-M01","77.99757771497782","Units"
"Spain","Industrial Production","Index","Monthly","1981-M02","79.45094872830039","Units"
"Spain","Industrial Production","Index","Monthly","1981-M03","83.71417036737993","Units"
"Spain","Industrial Production","Index","Monthly","1981-M04","79.06338312474771","Units"
"Spain","Industrial Production","Index","Monthly","1981-M05","81.7763423496165","Units"
"Spain","Industrial Production","Index","Monthly","1981-M06","81.7763423496165","Units"
"Spain","Industrial Production","Index","Monthly","1981-M07","83.52038756560358","Units"
"Spain","Industrial Production","Index","Monthly","1981-M08","46.02341542188132","Units"
"Spain","Industrial Production","Index","Monthly","1981-M09","79.74162293096491","Units"
"Spain","Industrial Production","Index","Monthly","1981-M10","85.07064997981432","Units"
"Spain","Industrial Production","Index","Monthly","1981-M11","83.32660476382724","Units"
"Spain","Industrial Production","Index","Monthly","1981-M12","79.45094872830039","Units"
"Spain","Industrial Production","Index","Monthly","1982-M01","75.47840129188537","Units"
"Spain","Industrial Production","Index","Monthly","1982-M02","77.4162293096488","Units"
"Spain","Industrial Production","Index","Monthly","1982-M03","85.16754138070249","Units"
"Spain","Industrial Production","Index","Monthly","1982-M04","78.094469115866","Units"
"Spain","Industrial Production","Index","Monthly","1982-M05","82.06701655228101","Units"
"Spain","Industrial Production","Index","Monthly","1982-M06","79.64473153007673","Units"
"Spain","Industrial Production","Index","Monthly","1982-M07","80.4198627371821","Units"
"Spain","Industrial Production","Index","Monthly","1982-M08","45.34517561566413","Units"
"Spain","Industrial Production","Index","Monthly","1982-M09","83.1328219620509","Units"
"Spain","Industrial Production","Index","Monthly","1982-M10","81.0981025433993","Units"
"Spain","Industrial Production","Index","Monthly","1982-M11","83.71417036737993","Units"
"Spain","Industrial Production","Index","Monthly","1982-M12","78.77270892208319","Units"
"Spain","Industrial Production","Index","Monthly","1983-M01","79.74162293096491","Units"
"Spain","Industrial Production","Index","Monthly","1983-M02","79.45094872830039","Units"
"Spain","Industrial Production","Index","Monthly","1983-M03","86.52402099313689","Units"
"Spain","Industrial Production","Index","Monthly","1983-M04","80.61364553895845","Units"
"Spain","Industrial Production","Index","Monthly","1983-M05","85.16754138070249","Units"
"Spain","Industrial Production","Index","Monthly","1983-M06","83.03593056116273","Units"
"Spain","Industrial Production","Index","Monthly","1983-M07","78.96649172385954","Units"
"Spain","Industrial Production","Index","Monthly","1983-M08","47.67056923698024","Units"
"Spain","Industrial Production","Index","Monthly","1983-M09","83.71417036737993","Units"
"Spain","Industrial Production","Index","Monthly","1983-M10","82.93903916027456","Units"
"Spain","Industrial Production","Index","Monthly","1983-M11","84.77997577714981","Units"
"Spain","Industrial Production","Index","Monthly","1983-M12","82.64836495761004","Units"
"Spain","Industrial Production","Index","Monthly","1984-M01","82.55147355672187","Units"
"Spain","Industrial Production","Index","Monthly","1984-M02","83.22971336293907","Units"
"Spain","Industrial Production","Index","Monthly","1984-M03","85.74888978603152","Units"
"Spain","Industrial Production","Index","Monthly","1984-M04","77.99757771497782","Units"
"Spain","Industrial Production","Index","Monthly","1984-M05","85.65199838514335","Units"
"Spain","Industrial Production","Index","Monthly","1984-M06","81.67945094872833","Units"
"Spain","Industrial Production","Index","Monthly","1984-M07","81.97012515139284","Units"
"Spain","Industrial Production","Index","Monthly","1984-M08","50.86798546628989","Units"
"Spain","Industrial Production","Index","Monthly","1984-M09","81.48566814695199","Units"
"Spain","Industrial Production","Index","Monthly","1984-M10","87.4929350020186","Units"
"Spain","Industrial Production","Index","Monthly","1984-M11","86.13645538958421","Units"
"Spain","Industrial Production","Index","Monthly","1984-M12","78.77270892208319","Units"
"Spain","Industrial Production","Index","Monthly","1985-M01","84.58619297537347","Units"
"Spain","Industrial Production","Index","Monthly","1985-M02","80.71053693984662","Units"
"Spain","Industrial Production","Index","Monthly","1985-M03","85.07064997981432","Units"
"Spain","Industrial Production","Index","Monthly","1985-M04","81.00121114251113","Units"
"Spain","Industrial Production","Index","Monthly","1985-M05","86.52402099313689","Units"
"Spain","Industrial Production","Index","Monthly","1985-M06","79.93540573274125","Units"
"Spain","Industrial Production","Index","Monthly","1985-M07","85.36132418247884","Units"
"Spain","Industrial Production","Index","Monthly","1985-M08","49.99596285829634","Units"
"Spain","Industrial Production","Index","Monthly","1985-M09","84.19862737182078","Units"
"Spain","Industrial Production","Index","Monthly","1985-M10","94.37222446507876","Units"
"Spain","Industrial Production","Index","Monthly","1985-M11","88.65563181267666","Units"
"Spain","Industrial Production","Index","Monthly","1985-M12","82.26079935405736","Units"
"Spain","Industrial Production","Index","Monthly","1986-M01","84.29551877270895","Units"
"Spain","Industrial Production","Index","Monthly","1986-M02","84.00484457004444","Units"
"Spain","Industrial Production","Index","Monthly","1986-M03","83.61727896649175","Units"
"Spain","Industrial Production","Index","Monthly","1986-M04","90.2058942268874","Units"
"Spain","Industrial Production","Index","Monthly","1986-M05","87.10536939846592","Units"
"Spain","Industrial Production","Index","Monthly","1986-M06","88.26806620912397","Units"
"Spain","Industrial Production","Index","Monthly","1986-M07","89.33387161889386","Units"
"Spain","Industrial Production","Index","Monthly","1986-M08","48.05813484053292","Units"
"Spain","Industrial Production","Index","Monthly","1986-M09","87.88050060557129","Units"
"Spain","Industrial Production","Index","Monthly","1986-M10","95.72870407751316","Units"
"Spain","Industrial Production","Index","Monthly","1986-M11","90.59345983044008","Units"
"Spain","Industrial Production","Index","Monthly","1986-M12","84.00484457004444","Units"
"Spain","Industrial Production","Index","Monthly","1987-M01","83.61727896649175","Units"
"Spain","Industrial Production","Index","Monthly","1987-M02","87.68671780379495","Units"
"Spain","Industrial Production","Index","Monthly","1987-M03","92.24061364553899","Units"
"Spain","Industrial Production","Index","Monthly","1987-M04","87.20226079935409","Units"
"Spain","Industrial Production","Index","Monthly","1987-M05","91.85304804198631","Units"
"Spain","Industrial Production","Index","Monthly","1987-M06","92.82196205086802","Units"
"Spain","Industrial Production","Index","Monthly","1987-M07","98.24788050060561","Units"
"Spain","Industrial Production","Index","Monthly","1987-M08","50.57731126362537","Units"
"Spain","Industrial Production","Index","Monthly","1987-M09","93.79087605974973","Units"
"Spain","Industrial Production","Index","Monthly","1987-M10","97.37585789261207","Units"
"Spain","Industrial Production","Index","Monthly","1987-M11","96.40694388373035","Units"
"Spain","Industrial Production","Index","Monthly","1987-M12","87.88050060557129","Units"
"Spain","Industrial Production","Index","Monthly","1988-M01","86.13645538958421","Units"
"Spain","Industrial Production","Index","Monthly","1988-M02","92.14372224465082","Units"
"Spain","Industrial Production","Index","Monthly","1988-M03","98.73233750504646","Units"
"Spain","Industrial Production","Index","Monthly","1988-M04","90.69035123132825","Units"
"Spain","Industrial Production","Index","Monthly","1988-M05","96.6007266855067","Units"
"Spain","Industrial Production","Index","Monthly","1988-M06","95.72870407751316","Units"
"Spain","Industrial Production","Index","Monthly","1988-M07","95.05046427129596","Units"
"Spain","Industrial Production","Index","Monthly","1988-M08","53.77472749293502","Units"
"Spain","Industrial Production","Index","Monthly","1988-M09","96.21316108195401","Units"
"Spain","Industrial Production","Index","Monthly","1988-M10","96.31005248284218","Units"
"Spain","Industrial Production","Index","Monthly","1988-M11","100.9608397254744","Units"
"Spain","Industrial Production","Index","Monthly","1988-M12","90.2058942268874","Units"
"Spain","Industrial Production","Index","Monthly","1989-M01","96.11626968106584","Units"
"Spain","Industrial Production","Index","Monthly","1989-M02","94.17844166330242","Units"
"Spain","Industrial Production","Index","Monthly","1989-M03","98.73233750504646","Units"
"Spain","Industrial Production","Index","Monthly","1989-M04","97.37585789261207","Units"
"Spain","Industrial Production","Index","Monthly","1989-M05","99.89503431570452","Units"
"Spain","Industrial Production","Index","Monthly","1989-M06","102.8017763423497","Units"
"Spain","Industrial Production","Index","Monthly","1989-M07","99.79814291481635","Units"
"Spain","Industrial Production","Index","Monthly","1989-M08","57.35970932579736","Units"
"Spain","Industrial Production","Index","Monthly","1989-M09","100.185708518369","Units"
"Spain","Industrial Production","Index","Monthly","1989-M10","102.414210738797","Units"
"Spain","Industrial Production","Index","Monthly","1989-M11","103.8675817521195","Units"
"Spain","Industrial Production","Index","Monthly","1989-M12","88.55874041178849","Units"
"Spain","Industrial Production","Index","Monthly","1990-M01","100.185708518369","Units"
"Spain","Industrial Production","Index","Monthly","1990-M02","94.27533306419059","Units"
"Spain","Industrial Production","Index","Monthly","1990-M03","103.4800161485669","Units"
"Spain","Industrial Production","Index","Monthly","1990-M04","91.65926524020996","Units"
"Spain","Industrial Production","Index","Monthly","1990-M05","102.2204279370206","Units"
"Spain","Industrial Production","Index","Monthly","1990-M06","102.2204279370206","Units"
"Spain","Industrial Production","Index","Monthly","1990-M07","99.60436011304","Units"
"Spain","Industrial Production","Index","Monthly","1990-M08","57.06903512313284","Units"
"Spain","Industrial Production","Index","Monthly","1990-M09","97.76342349616475","Units"
"Spain","Industrial Production","Index","Monthly","1990-M10","100.8639483245862","Units"
"Spain","Industrial Production","Index","Monthly","1990-M11","104.1582559547841","Units"
"Spain","Industrial Production","Index","Monthly","1990-M12","88.1711748082358","Units"
