"COUNTRY","INDICATOR","UNIT","FREQUENCY","TIME_PERIOD","OBS_VALUE","SCALE"
"United Kingdom","Total reserves (gold at national valuation)","US dollar","Monthly","1985-M01","14686.40413637245","Millions"
"United Kingdom","Total reserves (gold at national valuation)","US dollar","Monthly","1985-M02","14298.07090089226","Millions"
"United Kingdom","Total reserves (gold at national valuation)","US dollar","Monthly","1985-M03","13788.95123162069","Millions"
"United Kingdom","Total reserves (gold at national valuation)","US dollar","Monthly","1985-M04","14278.85862961017","Millions"
"United Kingdom","Total reserves (gold at national valuation)","US dollar","Monthly","1985-M05","14260.15668751862","Millions"
"United Kingdom","Total reserves (gold at national valuation)","US dollar","Monthly","1985-M06","14661.4362496506","Millions"
"United Kingdom","Total reserves (gold at national valuation)","US dollar","Monthly","1985-M07","15073.07996016515","Millions"
"United Kingdom","Total reserves (gold at national valuation)","US dollar","Monthly","1985-M08","15053.33661890167","Millions"
"United Kingdom","Total reserves (gold at national valuation)","US dollar","Monthly","1985-M09","15249.93945525622","Millions"
"United Kingdom","Total reserves (gold at national valuation)","US dollar","Monthly","1985-M10","17501.90353001694","Millions"
"United Kingdom","Total reserves (gold at national valuation)","US dollar","Monthly","1985-M11","17400.11045520136","Millions"
"United Kingdom","Total reserves (gold at national valuation)","US dollar","Monthly","1985-M12","17168.92574692443","Millions"
"United Kingdom","Total reserves (gold at national valuation)","US dollar","Monthly","1986-M01","17366.29629876552","Millions"
"United Kingdom","Total reserves (gold at national valuation)","US dollar","Monthly","1986-M02","18099.98602586774","Millions"
"United Kingdom","Total reserves (gold at national valuation)","US dollar","Monthly","1986-M03","18866.94962038859","Millions"
"United Kingdom","Total reserves (gold at national valuation)","US dollar","Monthly","1986-M04","19556.6486470595","Millions"
"United Kingdom","Total reserves (gold at national valuation)","US dollar","Monthly","1986-M05","19312.76860467775","Millions"
"United Kingdom","Total reserves (gold at national valuation)","US dollar","Monthly","1986-M06","19749.8403221818","Millions"
"United Kingdom","Total reserves (gold at national valuation)","US dollar","Monthly","1986-M07","19980.53043272062","Millions"
"United Kingdom","Total reserves (gold at national valuation)","US dollar","Monthly","1986-M08","19933.66516208453","Millions"
"United Kingdom","Total reserves (gold at national valuation)","US dollar","Monthly","1986-M09","23486.16817939136","Millions"
"United Kingdom","Total reserves (gold at national valuation)","US dollar","Monthly","1986-M10","22909.17277182491","Millions"
"United Kingdom","Total reserves (gold at national valuation)","US dollar","Monthly","1986-M11","23242.09769558481","Millions"
"United Kingdom","Total reserves (gold at national valuation)","US dollar","Monthly","1986-M12","23319.77238755764","Millions"
"United Kingdom","Total reserves (gold at national valuation)","US dollar","Monthly","1987-M01","23898.09494232477","Millions"
"United Kingdom","Total reserves (gold at national valuation)","US dollar","Monthly","1987-M02","24167.80106697682","Millions"
"United Kingdom","Total reserves (gold at national valuation)","US dollar","Monthly","1987-M03","27300.61625290872","Millions"
"United Kingdom","Total reserves (gold at national valuation)","US dollar","Monthly","1987-M04","30234.7497191525","Millions"
"United Kingdom","Total reserves (gold at national valuation)","US dollar","Monthly","1987-M05","34896.77066580895","Millions"
"United Kingdom","Total reserves (gold at national valuation)","US dollar","Monthly","1987-M06","34508.20806175396","Millions"
"United Kingdom","Total reserves (gold at national valuation)","US dollar","Monthly","1987-M07","34875.47847629668","Millions"
"United Kingdom","Total reserves (gold at national valuation)","US dollar","Monthly","1987-M08","34665.58138933429","Millions"
"United Kingdom","Total reserves (gold at national valuation)","US dollar","Monthly","1987-M09","34943.16507351529","Millions"
"United Kingdom","Total reserves (gold at national valuation)","US dollar","Monthly","1987-M10","42349.22042407027","Millions"
"United Kingdom","Total reserves (gold at national valuation)","US dollar","Monthly","1987-M11","43222.67474000907","Millions"
"United Kingdom","Total reserves (gold at national valuation)","US dollar","Monthly","1987-M12","47507.18795840486","Millions"
"United Kingdom","Total reserves (gold at national valuation)","US dollar","Monthly","1988-M01","45128.41298644513","Millions"
"United Kingdom","Total reserves (gold at national valuation)","US dollar","Monthly","1988-M02","44833.5495066349","Millions"
"United Kingdom","Total reserves (gold at national valuation)","US dollar","Monthly","1988-M03","47864.12645145179","Millions"
"United Kingdom","Total reserves (gold at national valuation)","US dollar","Monthly","1988-M04","48009.10229081598","Millions"
"United Kingdom","Total reserves (gold at national valuation)","US dollar","Monthly","1988-M05","48135.18526252576","Millions"
"United Kingdom","Total reserves (gold at national valuation)","US dollar","Monthly","1988-M06","46891.73787680209","Millions"
"United Kingdom","Total reserves (gold at national valuation)","US dollar","Monthly","1988-M07","47667.72478348804","Millions"
"United Kingdom","Total reserves (gold at national valuation)","US dollar","Monthly","1988-M08","48299.30501487845","Millions"
"United Kingdom","Total reserves (gold at national valuation)","US dollar","Monthly","1988-M09","48188.23340559512","Millions"
"United Kingdom","Total reserves (gold at national valuation)","US dollar","Monthly","1988-M10","48891.38347757035","Millions"
"United Kingdom","Total reserves (gold at national valuation)","US dollar","Monthly","1988-M11","50434.1086531761","Millions"
"United Kingdom","Total reserves (gold at national valuation)","US dollar","Monthly","1988-M12","50569.20661813191","Millions"
"United Kingdom","Total reserves (gold at national valuation)","US dollar","Monthly","1989-M01","49490.84289871792","Millions"
"United Kingdom","Total reserves (gold at national valuation)","US dollar","Monthly","1989-M02","49914.12104873666","Millions"
"United Kingdom","Total reserves (gold at national valuation)","US dollar","Monthly","1989-M03","46872.45085771165","Millions"
"United Kingdom","Total reserves (gold at national valuation)","US dollar","Monthly","1989-M04","47374.70593798992","Millions"
"United Kingdom","Total reserves (gold at national valuation)","US dollar","Monthly","1989-M05","45042.10782241016","Millions"
"United Kingdom","Total reserves (gold at national valuation)","US dollar","Monthly","1989-M06","42832.41798783527","Millions"
"United Kingdom","Total reserves (gold at national valuation)","US dollar","Monthly","1989-M07","43803.02523496845","Millions"
"United Kingdom","Total reserves (gold at national valuation)","US dollar","Monthly","1989-M08","42456.37036760031","Millions"
"United Kingdom","Total reserves (gold at national valuation)","US dollar","Monthly","1989-M09","42935.607330714","Millions"
"United Kingdom","Total reserves (gold at national valuation)","US dollar","Monthly","1989-M10","40561.9393288865","Millions"
"United Kingdom","Total reserves (gold at national valuation)","US dollar","Monthly","1989-M11","39497.26866863259","Millions"
"United Kingdom","Total reserves (gold at national valuation)","US dollar","Monthly","1989-M12","40225.46889373669","Millions"
"United Kingdom","Total reserves (gold at national valuation)","US dollar","Monthly","1990-M01","40099.68018770381","Millions"
"United Kingdom","Total reserves (gold at national valuation)","US dollar","Monthly","1990-M02","40093.2900014485","Millions"
"United Kingdom","Total reserves (gold at national valuation)","US dollar","Monthly","1990-M03","39314.37523740147","Millions"
"United Kingdom","Total reserves (gold at national valuation)","US dollar","Monthly","1990-M04","39214.90223634683","Millions"
"United Kingdom","Total reserves (gold at national valuation)","US dollar","Monthly","1990-M05","39053.08530681327","Millions"
"United Kingdom","Total reserves (gold at national valuation)","US dollar","Monthly","1990-M06","39481.4263927134","Millions"
"United Kingdom","Total reserves (gold at national valuation)","US dollar","Monthly","1990-M07","40239.1740911698","Millions"
"United Kingdom","Total reserves (gold at national valuation)","US dollar","Monthly","1990-M08","40949.78352944437","Millions"
"United Kingdom","Total reserves (gold at national valuation)","US dollar","Monthly","1990-M09","40960.60298008633","Millions"
"United Kingdom","Total reserves (gold at national valuation)","US dollar","Monthly","1990-M10","41130.73690837291","Millions"
"United Kingdom","Total reserves (gold at national valuation)","US dollar","Monthly","1990-M11","40984.75280001141","Millions"
"United Kingdom","Total reserves (gold at national valuation)","US dollar","Monthly","1990-M12","41088.4628473062","Millions"
"United Kingdom","Total reserves (gold at national valuation)","US dollar","Monthly","1991-M01","41323.31713965968","Millions"
"United Kingdom","Total reserves (gold at national valuation)","US dollar","Monthly","1991-M02","44340.16733905336","Millions"
"United Kingdom","Total reserves (gold at national valuation)","US dollar","Monthly","1991-M03","42316.22678621914","Millions"
"United Kingdom","Total reserves (gold at national valuation)","US dollar","Monthly","1991-M04","43585.52653455256","Millions"
"United Kingdom","Total reserves (gold at national valuation)","US dollar","Monthly","1991-M05","43544.92491284527","Millions"
"United Kingdom","Total reserves (gold at national valuation)","US dollar","Monthly","1991-M06","43248.76386150328","Millions"
"United Kingdom","Total reserves (gold at national valuation)","US dollar","Monthly","1991-M07","44299.88786318401","Millions"
"United Kingdom","Total reserves (gold at national valuation)","US dollar","Monthly","1991-M08","44323.37509191792","Millions"
"United Kingdom","Total reserves (gold at national valuation)","US dollar","Monthly","1991-M09","45405.90697674418","Millions"
"United Kingdom","Total reserves (gold at national valuation)","US dollar","Monthly","1991-M10","44942.88780934422","Millions"
"United Kingdom","Total reserves (gold at national valuation)","US dollar","Monthly","1991-M11","45496.38237649462","Millions"
"United Kingdom","Total reserves (gold at national valuation)","US dollar","Monthly","1991-M12","46930.98460856255","Millions"
"United Kingdom","Total reserves (gold at national valuation)","US dollar","Monthly","1992-M01","46202.64982882695","Millions"
"United Kingdom","Total reserves (gold at national valuation)","US dollar","Monthly","1992-M02","45900.01679186921","Millions"
"United Kingdom","Total reserves (gold at national valuation)","US dollar","Monthly","1992-M03","44971.07407407407","Millions"
"United Kingdom","Total reserves (gold at national valuation)","US dollar","Monthly","1992-M04","45658.31652192971","Millions"
"United Kingdom","Total reserves (gold at national valuation)","US dollar","Monthly","1992-M05","46509.61767457447","Millions"
"United Kingdom","Total reserves (gold at national valuation)","US dollar","Monthly","1992-M06","47441.67449515549","Millions"
"United Kingdom","Total reserves (gold at national valuation)","US dollar","Monthly","1992-M07","48128.52388654612","Millions"
"United Kingdom","Total reserves (gold at national valuation)","US dollar","Monthly","1992-M08","48301.06284383944","Millions"
"United Kingdom","Total reserves (gold at national valuation)","US dollar","Monthly","1992-M09","45140.41027453754","Millions"
"United Kingdom","Total reserves (gold at national valuation)","US dollar","Monthly","1992-M10","43348.09865451938","Millions"
"United Kingdom","Total reserves (gold at national valuation)","US dollar","Monthly","1992-M11","42370.95774865414","Millions"
"United Kingdom","Total reserves (gold at national valuation)","US dollar","Monthly","1992-M12","41411.02707385153","Millions"
"United Kingdom","Total reserves (gold at national valuation)","US dollar","Monthly","1993-M01","42492.36827195467","Millions"
"United Kingdom","Total reserves (gold at national valuation)","US dollar","Monthly","1993-M02","42836.62718628301","Millions"
"United Kingdom","Total reserves (gold at national valuation)","US dollar","Monthly","1993-M03","41277.26123418827","Millions"
"United Kingdom","Total reserves (gold at national valuation)","US dollar","Monthly","1993-M04","42570.79130423643","Millions"
"United Kingdom","Total reserves (gold at national valuation)","US dollar","Monthly","1993-M05","42710.00482823346","Millions"
"United Kingdom","Total reserves (gold at national valuation)","US dollar","Monthly","1993-M06","41616.52252783345","Millions"
"United Kingdom","Total reserves (gold at national valuation)","US dollar","Monthly","1993-M07","41711.39122676973","Millions"
"United Kingdom","Total reserves (gold at national valuation)","US dollar","Monthly","1993-M08","42425.26199434433","Millions"
"United Kingdom","Total reserves (gold at national valuation)","US dollar","Monthly","1993-M09","42887.2835029978","Millions"
"United Kingdom","Total reserves (gold at national valuation)","US dollar","Monthly","1993-M10","42701.23497275067","Millions"
"United Kingdom","Total reserves (gold at national valuation)","US dollar","Monthly","1993-M11","42225.9973352727","Millions"
"United Kingdom","Total reserves (gold at national valuation)","US dollar","Monthly","1993-M12","41334.66712839293","Millions"
"United Kingdom","Total reserves (gold at national valuation)","US dollar","Monthly","1994-M01","41767.13273798676","Millions"
"United Kingdom","Total reserves (gold at national valuation)","US dollar","Monthly","1994-M02","42260.92096075674","Millions"
"United Kingdom","Total reserves (gold at national valuation)","US dollar","Monthly","1994-M03","43698.45244351025","Millions"
"United Kingdom","Total reserves (gold at national valuation)","US dollar","Monthly","1994-M04","44446.26805260816","Millions"
"United Kingdom","Total reserves (gold at national valuation)","US dollar","Monthly","1994-M05","44551.74324994685","Millions"
"United Kingdom","Total reserves (gold at national valuation)","US dollar","Monthly","1994-M06","45229.99867908788","Millions"
"United Kingdom","Total reserves (gold at national valuation)","US dollar","Monthly","1994-M07","45458.14626655428","Millions"
"United Kingdom","Total reserves (gold at national valuation)","US dollar","Monthly","1994-M08","45486.46109301484","Millions"
"United Kingdom","Total reserves (gold at national valuation)","US dollar","Monthly","1994-M09","45969.9850517839","Millions"
"United Kingdom","Total reserves (gold at national valuation)","US dollar","Monthly","1994-M10","47211.9086726741","Millions"
"United Kingdom","Total reserves (gold at national valuation)","US dollar","Monthly","1994-M11","46155.25401477718","Millions"
"United Kingdom","Total reserves (gold at national valuation)","US dollar","Monthly","1994-M12","46326.66912407683","Millions"
"United Kingdom","Total reserves (gold at national valuation)","US dollar","Monthly","1995-M01","45665.11203158964","Millions"
"United Kingdom","Total reserves (gold at national valuation)","US dollar","Monthly","1995-M02","46142.39820254137","Millions"
"United Kingdom","Total reserves (gold at national valuation)","US dollar","Monthly","1995-M03","47827.08806827492","Millions"
"United Kingdom","Total reserves (gold at national valuation)","US dollar","Monthly","1995-M04","48162.3433787153","Millions"
"United Kingdom","Total reserves (gold at national valuation)","US dollar","Monthly","1995-M05","47860.39768561856","Millions"
"United Kingdom","Total reserves (gold at national valuation)","US dollar","Monthly","1995-M06","48383.65986191793","Millions"
"United Kingdom","Total reserves (gold at national valuation)","US dollar","Monthly","1995-M07","48905.97776256363","Millions"
"United Kingdom","Total reserves (gold at national valuation)","US dollar","Monthly","1995-M08","47177.59161069819","Millions"
"United Kingdom","Total reserves (gold at national valuation)","US dollar","Monthly","1995-M09","47934.57377347975","Millions"
"United Kingdom","Total reserves (gold at national valuation)","US dollar","Monthly","1995-M10","48187.76825896433","Millions"
"United Kingdom","Total reserves (gold at national valuation)","US dollar","Monthly","1995-M11","47526.5013836048","Millions"
"United Kingdom","Total reserves (gold at national valuation)","US dollar","Monthly","1995-M12","47257.60829785589","Millions"
"Germany","Total reserves (gold at national valuation)","US dollar","Monthly","1985-M01","43515.23172837366","Millions"
"Germany","Total reserves (gold at national valuation)","US dollar","Monthly","1985-M02","42160.44662997494","Millions"
"Germany","Total reserves (gold at national valuation)","US dollar","Monthly","1985-M03","41586.95697520727","Millions"
"Germany","Total reserves (gold at national valuation)","US dollar","Monthly","1985-M04","42325.94865310179","Millions"
"Germany","Total reserves (gold at national valuation)","US dollar","Monthly","1985-M05","43260.46795414091","Millions"
"Germany","Total reserves (gold at national valuation)","US dollar","Monthly","1985-M06","43943.81156893823","Millions"
"Germany","Total reserves (gold at national valuation)","US dollar","Monthly","1985-M07","45974.81289852779","Millions"
"Germany","Total reserves (gold at national valuation)","US dollar","Monthly","1985-M08","46910.08249355685","Millions"
"Germany","Total reserves (gold at national valuation)","US dollar","Monthly","1985-M09","47908.77202608294","Millions"
"Germany","Total reserves (gold at national valuation)","US dollar","Monthly","1985-M10","46237.83674518674","Millions"
"Germany","Total reserves (gold at national valuation)","US dollar","Monthly","1985-M11","49819.23194890421","Millions"
"Germany","Total reserves (gold at national valuation)","US dollar","Monthly","1985-M12","49941.94535317078","Millions"
"Germany","Total reserves (gold at national valuation)","US dollar","Monthly","1986-M01","50837.77772017035","Millions"
"Germany","Total reserves (gold at national valuation)","US dollar","Monthly","1986-M02","52879.00911077963","Millions"
"Germany","Total reserves (gold at national valuation)","US dollar","Monthly","1986-M03","51391.91049532075","Millions"
"Germany","Total reserves (gold at national valuation)","US dollar","Monthly","1986-M04","51890.72578417666","Millions"
"Germany","Total reserves (gold at national valuation)","US dollar","Monthly","1986-M05","49154.42592580176","Millions"
"Germany","Total reserves (gold at national valuation)","US dollar","Monthly","1986-M06","50858.58941842099","Millions"
"Germany","Total reserves (gold at national valuation)","US dollar","Monthly","1986-M07","51884.5672511209","Millions"
"Germany","Total reserves (gold at national valuation)","US dollar","Monthly","1986-M08","53410.93362245853","Millions"
"Germany","Total reserves (gold at national valuation)","US dollar","Monthly","1986-M09","55748.30764824854","Millions"
"Germany","Total reserves (gold at national valuation)","US dollar","Monthly","1986-M10","59466.19612474808","Millions"
"Germany","Total reserves (gold at national valuation)","US dollar","Monthly","1986-M11","58521.12342620205","Millions"
"Germany","Total reserves (gold at national valuation)","US dollar","Monthly","1986-M12","58787.82155841128","Millions"
"Germany","Total reserves (gold at national valuation)","US dollar","Monthly","1987-M01","69839.37609942741","Millions"
"Germany","Total reserves (gold at national valuation)","US dollar","Monthly","1987-M02","69917.86112369505","Millions"
"Germany","Total reserves (gold at national valuation)","US dollar","Monthly","1987-M03","68020.77237735235","Millions"
"Germany","Total reserves (gold at national valuation)","US dollar","Monthly","1987-M04","69668.24791612315","Millions"
"Germany","Total reserves (gold at national valuation)","US dollar","Monthly","1987-M05","70922.0622409134","Millions"
"Germany","Total reserves (gold at national valuation)","US dollar","Monthly","1987-M06","69771.51803041229","Millions"
"Germany","Total reserves (gold at national valuation)","US dollar","Monthly","1987-M07","68277.68593359283","Millions"
"Germany","Total reserves (gold at national valuation)","US dollar","Monthly","1987-M08","69364.29130982797","Millions"
"Germany","Total reserves (gold at national valuation)","US dollar","Monthly","1987-M09","70996.0980029156","Millions"
"Germany","Total reserves (gold at national valuation)","US dollar","Monthly","1987-M10","74568.18932997465","Millions"
"Germany","Total reserves (gold at national valuation)","US dollar","Monthly","1987-M11","84675.87251637382","Millions"
"Germany","Total reserves (gold at national valuation)","US dollar","Monthly","1987-M12","87412.65092487664","Millions"
"Germany","Total reserves (gold at national valuation)","US dollar","Monthly","1988-M01","84552.23105041578","Millions"
"Germany","Total reserves (gold at national valuation)","US dollar","Monthly","1988-M02","81428.67546428327","Millions"
"Germany","Total reserves (gold at national valuation)","US dollar","Monthly","1988-M03","81194.70513720196","Millions"
"Germany","Total reserves (gold at national valuation)","US dollar","Monthly","1988-M04","81937.11415795703","Millions"
"Germany","Total reserves (gold at national valuation)","US dollar","Monthly","1988-M05","79187.19468770744","Millions"
"Germany","Total reserves (gold at national valuation)","US dollar","Monthly","1988-M06","72312.86964210776","Millions"
"Germany","Total reserves (gold at national valuation)","US dollar","Monthly","1988-M07","68637.03752631245","Millions"
"Germany","Total reserves (gold at national valuation)","US dollar","Monthly","1988-M08","66341.41838666124","Millions"
"Germany","Total reserves (gold at national valuation)","US dollar","Monthly","1988-M09","65277.56267353942","Millions"
"Germany","Total reserves (gold at national valuation)","US dollar","Monthly","1988-M10","67768.72214005095","Millions"
"Germany","Total reserves (gold at national valuation)","US dollar","Monthly","1988-M11","69548.80324503199","Millions"
"Germany","Total reserves (gold at national valuation)","US dollar","Monthly","1988-M12","66217.27861899379","Millions"
"Germany","Total reserves (gold at national valuation)","US dollar","Monthly","1989-M01","62282.52013918797","Millions"
"Germany","Total reserves (gold at national valuation)","US dollar","Monthly","1989-M02","63127.14087743792","Millions"
"Germany","Total reserves (gold at national valuation)","US dollar","Monthly","1989-M03","62203.56727779428","Millions"
"Germany","Total reserves (gold at national valuation)","US dollar","Monthly","1989-M04","63627.84431271553","Millions"
"Germany","Total reserves (gold at national valuation)","US dollar","Monthly","1989-M05","62246.09998991848","Millions"
"Germany","Total reserves (gold at national valuation)","US dollar","Monthly","1989-M06","62791.91126360953","Millions"
"Germany","Total reserves (gold at national valuation)","US dollar","Monthly","1989-M07","64246.31663145709","Millions"
"Germany","Total reserves (gold at national valuation)","US dollar","Monthly","1989-M08","63868.90937235267","Millions"
"Germany","Total reserves (gold at national valuation)","US dollar","Monthly","1989-M09","65039.47111310608","Millions"
"Germany","Total reserves (gold at national valuation)","US dollar","Monthly","1989-M10","66984.01960652388","Millions"
"Germany","Total reserves (gold at national valuation)","US dollar","Monthly","1989-M11","67299.94658143132","Millions"
"Germany","Total reserves (gold at national valuation)","US dollar","Monthly","1989-M12","68770.87461785947","Millions"
"Germany","Total reserves (gold at national valuation)","US dollar","Monthly","1990-M01","68950.36672333671","Millions"
"Germany","Total reserves (gold at national valuation)","US dollar","Monthly","1990-M02","69982.79490306964","Millions"
"Germany","Total reserves (gold at national valuation)","US dollar","Monthly","1990-M03","69567.69869223969","Millions"
"Germany","Total reserves (gold at national valuation)","US dollar","Monthly","1990-M04","69701.98495969873","Millions"
"Germany","Total reserves (gold at national valuation)","US dollar","Monthly","1990-M05","70727.72337215843","Millions"
"Germany","Total reserves (gold at national valuation)","US dollar","Monthly","1990-M06","71640.0798160129","Millions"
"Germany","Total reserves (gold at national valuation)","US dollar","Monthly","1990-M07","71072.39600948401","Millions"
"Germany","Total reserves (gold at national valuation)","US dollar","Monthly","1990-M08","72425.73857320465","Millions"
"Germany","Total reserves (gold at national valuation)","US dollar","Monthly","1990-M09","73197.57362062139","Millions"
"Germany","Total reserves (gold at national valuation)","US dollar","Monthly","1990-M10","75011.92683022806","Millions"
"Germany","Total reserves (gold at national valuation)","US dollar","Monthly","1990-M11","76166.07470885734","Millions"
"Germany","Total reserves (gold at national valuation)","US dollar","Monthly","1990-M12","77064.20767426641","Millions"
"Germany","Total reserves (gold at national valuation)","US dollar","Monthly","1991-M01","77402.67133025108","Millions"
"Germany","Total reserves (gold at national valuation)","US dollar","Monthly","1991-M02","75426.30882155424","Millions"
"Germany","Total reserves (gold at national valuation)","US dollar","Monthly","1991-M03","67097.34626790808","Millions"
"Germany","Total reserves (gold at national valuation)","US dollar","Monthly","1991-M04","67622.68511124413","Millions"
"Germany","Total reserves (gold at national valuation)","US dollar","Monthly","1991-M05","68393.42080437369","Millions"
"Germany","Total reserves (gold at national valuation)","US dollar","Monthly","1991-M06","65246.93534562984","Millions"
"Germany","Total reserves (gold at national valuation)","US dollar","Monthly","1991-M07","67323.49765094713","Millions"
"Germany","Total reserves (gold at national valuation)","US dollar","Monthly","1991-M08","68058.52743823315","Millions"
"Germany","Total reserves (gold at national valuation)","US dollar","Monthly","1991-M09","69457.18189384928","Millions"
"Germany","Total reserves (gold at national valuation)","US dollar","Monthly","1991-M10","68541.06827311319","Millions"
"Germany","Total reserves (gold at national valuation)","US dollar","Monthly","1991-M11","69895.65230314812","Millions"
"Germany","Total reserves (gold at national valuation)","US dollar","Monthly","1991-M12","72029.8670286827","Millions"
"Germany","Total reserves (gold at national valuation)","US dollar","Monthly","1992-M01","69293.4079263691","Millions"
"Germany","Total reserves (gold at national valuation)","US dollar","Monthly","1992-M02","69880.97935032376","Millions"
"Germany","Total reserves (gold at national valuation)","US dollar","Monthly","1992-M03","69974.79458823644","Millions"
"Germany","Total reserves (gold at national valuation)","US dollar","Monthly","1992-M04","71494.71261576658","Millions"
"Germany","Total reserves (gold at national valuation)","US dollar","Monthly","1992-M05","71057.01952128064","Millions"
"Germany","Total reserves (gold at national valuation)","US dollar","Monthly","1992-M06","73070.33912621766","Millions"
"Germany","Total reserves (gold at national valuation)","US dollar","Monthly","1992-M07","72601.47350488921","Millions"
"Germany","Total reserves (gold at national valuation)","US dollar","Monthly","1992-M08","76768.68778748053","Millions"
"Germany","Total reserves (gold at national valuation)","US dollar","Monthly","1992-M09","129967.9111401662","Millions"
"Germany","Total reserves (gold at national valuation)","US dollar","Monthly","1992-M10","97306.06957499089","Millions"
"Germany","Total reserves (gold at national valuation)","US dollar","Monthly","1992-M11","94082.56852506751","Millions"
"Germany","Total reserves (gold at national valuation)","US dollar","Monthly","1992-M12","99447.87336101985","Millions"
"Germany","Total reserves (gold at national valuation)","US dollar","Monthly","1993-M01","94630.30514639304","Millions"
"Germany","Total reserves (gold at national valuation)","US dollar","Monthly","1993-M02","86216.48704839116","Millions"
"Germany","Total reserves (gold at national valuation)","US dollar","Monthly","1993-M03","78750.70892623676","Millions"
"Germany","Total reserves (gold at national valuation)","US dollar","Monthly","1993-M04","78708.01087812851","Millions"
"Germany","Total reserves (gold at national valuation)","US dollar","Monthly","1993-M05","79234.35711238518","Millions"
"Germany","Total reserves (gold at national valuation)","US dollar","Monthly","1993-M06","76295.5715728114","Millions"
"Germany","Total reserves (gold at national valuation)","US dollar","Monthly","1993-M07","83001.13331750614","Millions"
"Germany","Total reserves (gold at national valuation)","US dollar","Monthly","1993-M08","112142.2512021476","Millions"
"Germany","Total reserves (gold at national valuation)","US dollar","Monthly","1993-M09","93792.73122329218","Millions"
"Germany","Total reserves (gold at national valuation)","US dollar","Monthly","1993-M10","85729.0509715078","Millions"
"Germany","Total reserves (gold at national valuation)","US dollar","Monthly","1993-M11","86575.67142232538","Millions"
"Germany","Total reserves (gold at national valuation)","US dollar","Monthly","1993-M12","85568.99139726228","Millions"
"Germany","Total reserves (gold at national valuation)","US dollar","Monthly","1994-M01","88943.14030495239","Millions"
"Germany","Total reserves (gold at national valuation)","US dollar","Monthly","1994-M02","86843.78186960194","Millions"
"Germany","Total reserves (gold at national valuation)","US dollar","Monthly","1994-M03","88245.72594191223","Millions"
"Germany","Total reserves (gold at national valuation)","US dollar","Monthly","1994-M04","89195.13837108394","Millions"
"Germany","Total reserves (gold at national valuation)","US dollar","Monthly","1994-M05","90486.64045120964","Millions"
"Germany","Total reserves (gold at national valuation)","US dollar","Monthly","1994-M06","92471.55903759844","Millions"
"Germany","Total reserves (gold at national valuation)","US dollar","Monthly","1994-M07","91675.22196843102","Millions"
"Germany","Total reserves (gold at national valuation)","US dollar","Monthly","1994-M08","92921.15134656613","Millions"
"Germany","Total reserves (gold at national valuation)","US dollar","Monthly","1994-M09","93841.67987510417","Millions"
"Germany","Total reserves (gold at national valuation)","US dollar","Monthly","1994-M10","94125.91009744621","Millions"
"Germany","Total reserves (gold at national valuation)","US dollar","Monthly","1994-M11","91460.32763168648","Millions"
"Germany","Total reserves (gold at national valuation)","US dollar","Monthly","1994-M12","86201.01698652149","Millions"
"Germany","Total reserves (gold at national valuation)","US dollar","Monthly","1995-M01","87584.75349112132","Millions"
"Germany","Total reserves (gold at national valuation)","US dollar","Monthly","1995-M02","88759.82965063422","Millions"
"Germany","Total reserves (gold at national valuation)","US dollar","Monthly","1995-M03","91943.06722024036","Millions"
"Germany","Total reserves (gold at national valuation)","US dollar","Monthly","1995-M04","91398.4298922426","Millions"
"Germany","Total reserves (gold at national valuation)","US dollar","Monthly","1995-M05","91906.67387208673","Millions"
"Germany","Total reserves (gold at national valuation)","US dollar","Monthly","1995-M06","92702.28805410565","Millions"
"Germany","Total reserves (gold at national valuation)","US dollar","Monthly","1995-M07","93012.95506309483","Millions"
"Germany","Total reserves (gold at national valuation)","US dollar","Monthly","1995-M08","91165.39746150541","Millions"
"Germany","Total reserves (gold at national valuation)","US dollar","Monthly","1995-M09","93012.32522859389","Millions"
"Germany","Total reserves (gold at national valuation)","US dollar","Monthly","1995-M10","93368.52117120221","Millions"
"Germany","Total reserves (gold at national valuation)","US dollar","Monthly","1995-M11","93734.11741037055","Millions"
"Germany","Total reserves (gold at national valuation)","US dollar","Monthly","1995-M12","94553.87431576484","Millions"
